Unnamed: 0.1,Unnamed: 0,FirstObjectDistance_X,FirstObjectDistance_Y,SecondObjectDistance_X,SecondObjectDistance_Y,ThirdObjectDistance_X,ThirdObjectDistance_Y,FourthObjectDistance_X,FourthObjectDistance_Y,VehicleSpeed,FirstObjectSpeed_X,FirstObjectSpeed_Y,SecondObjectSpeed_X,SecondObjectSpeed_Y,ThirdObjectSpeed_X,ThirdObjectSpeed_Y,FourthObjectSpeed_X,FourthObjectSpeed_Y,YawRate,Timestamp
0,0,64.11139112903227,11.28125,42.59576612903227,-9.0078125,24.091985887096783,-9.6640625,30.761844758064516,13.3984375,0.0,-0.0078125,0.0,0.015625,0.00390625,0.00390625,0.02734375,0.02734375,0.0,0.0,33.24150366
1,1,64.11113911290323,11.2734375,42.595766129032256,-9.0078125,24.088709677419367,-9.6640625,30.761592741935495,0.0,0.0,-0.015625,0.0,-0.0078125,0.01171875,0.0,0.0234375,0.0,0.0,0.0,33.33595952
2,2,64.11139112903226,11.28125,42.59551411290322,-9.0625,24.08316532258065,-9.625,30.758316532258075,0.0,0.0,-0.01171875,0.0,-0.00390625,-0.03515625,0.01953125,0.03125,0.0,0.0,0.0,33.42972533
3,3,64.11265120967741,11.2890625,42.596018145161295,-9.109375,24.07459677419354,-9.625,30.755292338709687,0.0,0.0,-0.015625,0.0,0.0,-0.0546875,0.01171875,0.046875,0.0,0.0,0.0,33.52276921
4,4,64.11340725806451,11.2890625,42.5967741935484,-9.1171875,24.063760080645178,-9.5703125,30.75201612903226,0.0,0.0,0.0,0.00390625,0.0,-0.04296875,0.03125,0.0625,0.0,0.0,0.0,33.61871549
5,5,64.11391129032259,11.296875,42.597026209677416,-9.1328125,24.05241935483872,-9.609375,30.747983870967754,0.0,0.0,0.01171875,0.00390625,0.00390625,-0.03125,0.0,-0.01171875,0.0,0.0,0.0,33.71547368
6,6,64.11315524193549,11.28125,42.59803427419354,-9.1640625,24.040826612903235,-9.6171875,32.23009072580646,1.171875,0.0,0.00390625,0.00390625,-0.01953125,-0.03125,-0.0078125,-0.0703125,-0.98046875,0.00390625,0.0,33.81275482
7,7,64.11189516129033,11.2734375,42.59853830645162,-9.140625,24.026209677419356,-9.640625,33.71270161290324,1.1328125,0.0,0.02734375,0.0,-0.0234375,0.0,-0.03125,-0.07421875,-0.90234375,-0.015625,0.0,33.91177878
8,8,64.1116431451613,11.296875,42.59979838709679,-9.1171875,24.0108366935484,-9.65625,33.10584677419356,0.0,0.0,0.015625,0.00390625,-0.02734375,0.015625,-0.046875,-0.11328125,0.0,0.0,0.0,34.00865996
9,9,64.11189516129032,11.2890625,42.60055443548388,-9.1171875,23.995211693548388,-9.6953125,32.49294354838711,0.0,0.0,0.01171875,0.0,0.0,-0.0078125,-0.06640625,-0.12890625,0.0,0.0,0.0,34.10609708
10,10,64.11189516129032,11.28125,42.599798387096776,-9.1015625,23.979082661290334,-9.703125,33.97404233870969,-11.5859375,0.0,-0.0078125,0.0,0.015625,-0.00390625,-0.0703125,-0.15234375,-0.0078125,0.02734375,0.0,34.20280928
11,11,64.11189516129032,11.296875,42.59954637096775,-9.1640625,23.960181451612897,-9.6953125,35.455645161290334,-11.5390625,0.0,0.0078125,0.00390625,0.0,-0.03125,-0.06640625,-0.1328125,0.00390625,0.01953125,0.0,34.30003442
12,12,64.11189516129033,11.265625,42.59929435483871,-9.1640625,23.940272177419356,-9.6875,36.93750000000001,-11.578125,0.0,0.00390625,0.0,0.00390625,-0.0234375,-0.07421875,-0.12890625,0.0234375,-0.01171875,0.0,34.39529477
13,13,64.11164314516128,11.2890625,42.59954637096775,-9.140625,23.91910282258065,-9.71875,38.41985887096775,-11.578125,0.0,-0.01171875,0.00390625,0.0078125,0.00390625,-0.078125,-0.1484375,-0.0078125,0.02734375,0.0,34.49498853
14,14,64.11189516129032,11.2734375,42.597782258064505,-9.2109375,23.137348790322584,-9.6796875,39.90272177419355,-11.53125,0.0,0.00390625,0.0,0.01171875,-0.0390625,-0.0625,-0.13671875,-0.0078125,0.01171875,0.0,34.59044168
15,15,64.11088709677419,11.28125,42.5945060483871,-9.1484375,22.355342741935488,-9.703125,38.354082661290334,-11.390625,0.0,0.0,0.0,0.01171875,0.0234375,-0.07421875,-0.11328125,-0.015625,0.07421875,0.0,34.68705797
16,16,64.10987903225805,11.3125,42.591229838709694,-9.1796875,21.573336693548402,-9.6875,36.80544354838711,-11.453125,0.0,0.0,0.00390625,0.0,0.00390625,-0.06640625,-0.109375,0.015625,0.015625,0.0,34.7840153
17,17,64.10962701612902,11.28125,42.588709677419345,-9.171875,20.79158266129033,-9.6484375,38.28704637096776,-11.4921875,0.0,-0.01171875,0.0,0.0,0.00390625,-0.05078125,-0.08984375,0.0,-0.0078125,0.0,34.88199575
18,18,64.10861895161291,11.2890625,42.58744959677419,-9.1015625,21.181451612903228,-9.609375,39.7686491935484,-11.453125,0.0,-0.0078125,0.0,-0.0234375,0.06640625,-0.03125,-0.0625,-0.01171875,0.03515625,0.0,34.97947714
19,19,64.11113911290323,11.28125,42.587197580645146,-9.078125,21.571068548387103,-9.5703125,41.24949596774195,-11.4765625,0.0,0.01171875,0.0,-0.0078125,0.0546875,-0.03125,-0.0546875,0.0,0.01171875,0.0,35.07691152
20,20,64.11265120967741,11.265625,42.58795362903227,-9.03125,21.960181451612918,-9.5390625,42.73009072580647,-11.4609375,0.0,0.00390625,0.0,0.0,0.046875,0.015625,0.01953125,-0.01171875,0.0234375,0.0,35.17399987
21,21,64.11466733870968,11.2578125,42.58896169354839,-9.015625,22.35055443548387,-9.5078125,44.210685483870975,-11.453125,0.0,0.0,-0.00390625,-0.01953125,0.0625,0.0390625,0.06640625,0.01171875,0.01171875,0.0,35.26958304
22,22,64.11693548387098,11.2578125,42.59047379032258,-9.0546875,22.741935483870968,-9.484375,43.594758064516135,-11.46875,0.0,0.0078125,0.0,0.01953125,-0.0234375,0.015625,0.06640625,-0.07421875,0.07421875,0.0,35.36691741
23,23,64.11895161290323,11.265625,42.59148185483871,-9.0234375,23.135332661290324,-9.453125,42.98336693548387,-11.3828125,0.0,0.0390625,0.0,0.0625,-0.01171875,0.0390625,0.08203125,0.0078125,0.05859375,0.0,35.46439965
24,24,64.12096774193549,11.2734375,42.59097782258064,-9.109375,23.530493951612907,-9.40625,44.462197580645174,-11.375,0.0,0.046875,0.00390625,0.0078125,-0.0234375,0.0625,0.10546875,0.02734375,-0.0078125,0.0,35.56279068
25,25,64.12373991935483,11.2890625,42.589969758064505,-9.2109375,23.92817540322581,-9.40625,45.94178427419355,-11.390625,0.0,-0.01953125,0.0,0.05859375,-0.109375,0.05859375,0.125,-0.00390625,-0.0078125,0.0,35.66178378
26,26,64.12651209677419,11.2734375,42.58719758064515,-9.1796875,24.327116935483875,-9.40625,45.93523185483871,-11.375,0.0,-0.0078125,0.0,0.02734375,-0.01171875,0.03515625,0.04296875,-0.015625,0.0234375,0.0,35.76033584
27,27,64.12953629032258,11.265625,42.583921370967744,-9.234375,24.727822580645164,-9.40625,45.93019153225808,-11.3828125,0.0,0.0,0.0,0.01953125,-0.03515625,0.015625,0.015625,-0.01171875,0.015625,0.0,35.85745373
28,28,64.13306451612901,11.2734375,41.21018145161292,-9.203125,25.12978830645162,-9.40625,45.925403225806456,-11.359375,0.0,0.01953125,0.0,0.02734375,0.0,0.01171875,-0.05078125,0.00390625,0.01953125,0.0,35.95469263
29,29,64.13583669354837,11.2734375,39.83618951612904,-9.2890625,25.533266129032263,0.0,45.92011088709678,-11.3046875,0.0,0.00390625,0.0,-0.01171875,-0.04296875,0.0,0.0,0.01171875,0.03515625,0.0,36.05111645
30,30,64.13785282258064,11.2578125,38.462449596774185,-9.3515625,25.937752016129036,0.0,45.91658266129032,-11.296875,0.0,0.0,-0.00390625,-0.0546875,-0.05078125,0.0,0.0,0.01171875,0.0,0.0,36.14772528
31,31,64.14012096774194,11.2578125,38.54158266129032,-9.453125,26.344254032258064,0.0,45.91305443548388,-11.3203125,0.0,0.0,0.0,-0.0390625,-0.09375,0.0,0.0,0.0,0.0,0.0,36.24499419
32,32,64.14238911290323,11.2578125,38.620715725806456,-9.4609375,26.752016129032274,0.0,44.43044354838711,-11.3671875,0.0,0.0,0.0,0.03515625,-0.09375,0.0,0.0,0.01171875,-0.02734375,0.0,36.34247713
33,33,64.14465725806454,11.25,38.701108870967744,-9.375,27.161038306451623,-9.4921875,42.948840725806456,-11.4453125,0.0,0.00390625,0.0,0.0078125,0.0,-0.015625,-0.02734375,-0.015625,-0.0390625,0.0,36.44078008
34,34,64.14667338709677,11.40625,38.780745967741936,-9.3125,27.571572580645167,-9.515625,41.46673387096775,-11.4609375,0.0,-0.01171875,0.00390625,-0.00390625,0.046875,-0.01171875,-0.04296875,-0.03515625,-0.02734375,0.0,36.53955946
35,35,64.14818548387098,11.3203125,38.86164314516129,-9.1953125,27.983114919354833,-9.515625,41.356602822580655,-11.5390625,0.0,0.00390625,-0.0078125,0.03515625,0.08203125,-0.00390625,-0.03125,-0.0390625,-0.05078125,0.0,36.63787579
36,36,64.14894153225806,11.2890625,38.943548387096776,-9.171875,28.39339717741936,-9.5703125,41.24621975806451,-11.5625,0.0,0.015625,-0.01171875,0.01171875,0.08203125,0.00390625,-0.06640625,-0.03125,-0.046875,0.0,36.73644914
37,37,64.15070564516128,11.2734375,39.02368951612904,-9.171875,27.629284274193562,-9.578125,39.76411290322581,-11.578125,0.0,0.01171875,-0.01171875,-0.0078125,0.0703125,0.00390625,-0.0546875,-0.05078125,-0.05859375,0.0,36.83402539
38,38,64.15171370967742,11.28125,39.102822580645146,-9.234375,28.238155241935477,-9.46875,38.28150201612904,-11.6484375,0.0,0.0,-0.00390625,0.0625,-0.05859375,0.01171875,0.046875,-0.04296875,-0.05859375,0.0,36.93292878
39,39,64.15070564516128,11.28125,39.180443548387096,-9.296875,28.847530241935484,-9.4296875,36.79813508064517,-11.6796875,0.0,0.0234375,-0.00390625,-0.02734375,-0.04296875,0.0234375,0.046875,-0.02734375,-0.05859375,0.0,37.02924889
40,40,64.15045362903227,11.2890625,39.25806451612903,-9.34375,29.4553931451613,-9.3359375,35.31628024193548,-11.578125,0.0,0.01953125,0.0,-0.03125,-0.0546875,0.03125,0.0859375,-0.01171875,0.0078125,0.0,37.12533499
41,41,64.15045362903227,11.296875,39.336189516129025,-9.4453125,28.690020161290317,-9.3125,33.83518145161291,-11.3359375,0.0,0.01171875,0.00390625,-0.0234375,-0.11328125,0.03125,0.07421875,0.01953125,0.0703125,0.0,37.22271922
42,42,64.15020161290323,11.3046875,39.413054435483865,-9.5,27.926159274193555,-9.265625,32.35357862903226,-11.2890625,0.0,0.015625,0.00390625,0.0234375,-0.14453125,0.02734375,0.08203125,0.01953125,0.08203125,0.0,37.31860629
43,43,64.14994959677419,11.3046875,39.488911290322584,0.0,27.16381048387097,-9.2890625,30.871723790322587,-11.34375,0.0,0.015625,0.00390625,0.0,0.0,0.01953125,0.03125,0.015625,0.02734375,0.0,37.41643956
44,44,64.14919354838709,11.296875,39.565272177419345,0.0,26.40272177419356,-9.3359375,29.38936491935484,-11.203125,0.0,0.00390625,0.0,0.0,0.0,0.0,0.0078125,0.02734375,0.0546875,0.0,37.51311938
45,45,64.14818548387098,11.28125,39.64188508064518,0.0,26.402721774193555,-9.3671875,27.906502016129036,-11.0546875,0.0,-0.01171875,-0.00390625,0.0,0.0,-0.03125,0.00390625,0.0546875,0.0703125,0.0,37.61123549
46,46,64.14768145161291,11.2734375,39.719254032258064,-10.484375,26.402721774193548,-9.3125,26.42489919354839,-10.9609375,0.0,-0.00390625,-0.00390625,0.0546875,0.11328125,0.00390625,0.015625,0.046875,0.0859375,0.0,37.70954061
47,47,64.14616935483872,11.2890625,39.795866935483865,-10.515625,26.40272177419354,-9.3671875,24.943296370967754,0.0,0.0,0.0,0.00390625,0.03125,0.05859375,-0.01171875,-0.015625,0.0,0.0,0.0,37.80781673
48,48,64.14541330645162,11.28125,39.871471774193544,-10.4140625,26.40272177419354,-9.328125,23.4616935483871,0.0,0.0,-0.0078125,0.0,0.00390625,0.1171875,0.00390625,0.0,0.0,0.0,0.0,37.90438466
49,49,64.14465725806451,11.2890625,39.94581653225807,-10.4140625,25.230594758064516,-9.234375,21.980090725806463,0.0,0.0,-0.0078125,0.0,0.015625,0.0390625,0.01171875,0.046875,0.0,0.0,0.0,38.00178369
50,50,64.14112903225806,11.2890625,40.01915322580644,-10.2734375,24.058719758064512,-9.234375,20.499243951612907,-9.3125,0.0,0.0078125,0.00390625,0.02734375,0.09375,0.015625,0.03125,0.03125,-0.0234375,0.0,38.10014982
51,51,64.1383568548387,11.265625,40.091481854838705,-10.2265625,22.886844758064512,-9.2578125,19.018649193548395,-9.3359375,0.0,0.00390625,0.0,0.01171875,0.09375,0.0,0.0078125,-0.0234375,0.01171875,0.0,38.19873598
52,52,64.13508064516128,11.265625,40.162802419354854,-10.3359375,21.714969758064516,0.0,17.53805443548388,0.0,0.0,0.01953125,0.0,0.0234375,0.0,0.0,0.0,0.0,0.0,0.0,38.29560994
53,53,64.13180443548387,11.25,40.23311491935484,-10.4140625,20.54334677419355,-9.2734375,16.059223790322594,0.0,0.0,-0.0078125,-0.00390625,-0.015625,-0.03515625,-0.01171875,0.0234375,0.0,0.0,0.0,38.39256191
54,54,64.1287802419355,11.25,40.30342741935483,-10.5,19.370967741935484,-9.1796875,14.580393145161292,0.0,0.0,-0.01171875,0.0,-0.02734375,-0.06640625,0.02734375,0.0546875,0.0,0.0,0.0,38.48997618
55,55,64.12575604838709,11.265625,40.37550403225805,-10.5078125,18.198336693548388,-9.2265625,13.101562500000004,0.0,0.0,0.015625,0.0,0.0,-0.0703125,0.015625,0.0078125,0.0,0.0,0.0,38.58919312
56,56,64.12298387096774,11.2890625,40.44707661290323,-10.5859375,17.0249495967742,0.0,11.62197580645162,0.0,0.0,-0.01171875,0.0,-0.03125,-0.078125,0.0,0.0,0.0,0.0,0.0,38.68567678
57,57,64.11995967741936,11.28125,40.51990927419355,-10.6953125,15.851562499999996,0.0,10.142389112903226,0.0,0.0,-0.0078125,0.0,-0.05859375,-0.08203125,0.0,0.0,0.0,0.0,0.0,38.78309553
58,58,64.11617943548389,11.296875,40.59349798387096,-10.7578125,14.677923387096769,0.0,8.662046370967742,0.0,0.0,0.0078125,0.00390625,-0.05078125,-0.09765625,0.0,0.0,0.0,0.0,0.0,38.87996123
59,59,64.11189516129032,11.28125,42.03679435483871,-10.71875,13.504284274193548,0.0,7.181703629032262,0.0,0.0,0.0078125,0.0,-0.015625,-0.046875,0.0,0.0,0.0,0.0,0.0,38.97880013
60,60,64.10710685483872,11.2578125,43.48059475806452,-10.8515625,12.330897177419352,0.0,5.70211693548387,0.0,0.0,0.01171875,-0.00390625,-0.0625,-0.0703125,0.0,0.0,0.0,0.0,0.0,39.07716198
61,61,64.10231854838707,11.2734375,44.92439516129032,-10.90625,11.157762096774201,0.0,4.2227822580645205,0.0,0.0,0.0078125,0.0,-0.0390625,-0.09375,0.0,0.0,0.0,0.0,0.0,39.17690497
62,62,64.09778225806451,11.265625,44.91532258064515,-10.9921875,9.984374999999995,0.0,2.7436995967741966,0.0,0.0,0.00390625,0.0,-0.0234375,-0.12109375,0.0,0.0,0.0,0.0,0.0,39.27224252
63,63,64.09349798387096,11.2734375,44.90801411290323,-10.9609375,8.811239919354833,0.0,2.7436995967741966,0.0,0.0,0.0,0.0,0.0,-0.09375,0.0,0.0,0.0,0.0,0.0,39.36804211
64,64,64.08845766129032,11.2890625,44.899697580645174,-10.9609375,7.637852822580645,0.0,2.7436995967741917,0.0,0.0,-0.00390625,0.00390625,-0.03125,-0.0234375,0.0,0.0,0.0,0.0,0.0,39.46577553
65,65,64.0836693548387,11.2578125,44.8913810483871,-10.9921875,6.46421370967742,0.0,2.7436995967741953,0.0,0.0,0.0078125,-0.00390625,0.01953125,-0.05859375,0.0,0.0,0.0,0.0,0.0,39.56269102
66,66,64.07913306451614,11.25,44.8805443548387,-10.921875,5.290574596774195,0.0,1.3717237903225867,0.0,0.0,0.0078125,-0.00390625,0.0078125,0.00390625,0.0,0.0,0.0,0.0,0.0,39.65978652
67,67,64.0758568548387,11.2578125,43.42439516129031,-10.921875,4.117187499999995,0.0,8.421247238638225e-16,0.0,0.0,0.0234375,0.0,0.0,0.00390625,0.0,0.0,0.0,0.0,0.0,39.75720407
68,68,64.07232862903226,11.2578125,44.06602822580646,-10.96875,4.117187500000002,0.0,-1.684249447727645e-15,0.0,0.0,-0.01171875,0.0,-0.02734375,0.0,0.0,0.0,0.0,0.0,0.0,39.8544706
69,69,64.06829637096776,11.25,44.70992943548387,-11.015625,2.7454637096774186,0.0,8.421247238638225e-16,0.0,0.0,0.0078125,0.0,-0.0078125,-0.03515625,0.0,0.0,0.0,0.0,0.0,39.94922883
70,70,64.06527217741936,11.265625,45.35609879032258,-10.8515625,1.3724798387096766,0.0,1.684249447727645e-15,0.0,0.0,0.00390625,0.00390625,0.01953125,0.01953125,0.0,0.0,0.0,0.0,0.0,40.04657137
71,71,64.06123991935485,11.2578125,46.00378024193548,-10.7109375,-8.421247238638224e-15,0.0,3.36849889545529e-15,0.0,0.0,0.00390625,0.0,0.01953125,0.04296875,0.0,0.0,0.0,0.0,0.0,40.14370288
72,72,64.05745967741936,11.2421875,46.662802419354826,-10.71875,0.0,0.0,-3.36849889545529e-15,0.0,0.0,-0.00390625,0.0,0.0078125,0.03125,0.0,0.0,0.0,0.0,0.0,40.24026833
73,73,64.05367943548387,11.25,47.323840725806456,-10.7421875,2.5263741715914674e-15,0.0,-8.421247238638225e-16,0.0,0.0,-0.00390625,0.0,0.0390625,-0.00390625,0.0,0.0,0.0,0.0,0.0,40.33761086
74,74,64.04989919354838,11.25,45.87424395161288,-10.7890625,-2.5263741715914674e-15,0.0,4.210623619319112e-15,0.0,0.0,-0.0078125,0.00390625,0.0546875,-0.03515625,0.0,0.0,0.0,0.0,0.0,40.43427431
75,75,64.0461189516129,11.25,44.42338709677419,-10.53125,-1.684249447727645e-15,0.0,2.5263741715914674e-15,0.0,0.0,-0.01953125,0.00390625,0.0546875,0.0625,0.0,0.0,0.0,0.0,0.0,40.52990111
76,76,64.04208669354837,11.2421875,42.97379032258065,-10.453125,0.0,0.0,-4.210623619319112e-15,0.0,0.0,0.0234375,0.00390625,0.0,0.1015625,0.0,0.0,0.0,0.0,0.0,40.62762115
77,77,64.03881048387098,11.2578125,44.12096774193549,-10.3828125,3.36849889545529e-15,0.0,-8.421247238638225e-16,0.0,0.0,0.0078125,0.00390625,0.015625,0.08203125,0.0,0.0,0.0,0.0,0.0,40.72474813
78,78,64.03578629032259,11.25,45.26915322580644,-10.09375,-2.5263741715914674e-15,0.0,4.210623619319112e-15,0.0,0.0,-0.0078125,0.0,0.05859375,0.1484375,0.0,0.0,0.0,0.0,0.0,40.82077098
79,79,64.03175403225805,11.234375,46.418346774193544,-10.125,0.0,0.0,8.421247238638225e-16,0.0,0.0,-0.01171875,0.0,0.04296875,0.08984375,0.0,0.0,0.0,0.0,0.0,40.91775794
80,80,64.02696572580646,11.234375,47.556451612903224,-10.1171875,-6.73699779091058e-15,0.0,-6.73699779091058e-15,0.0,0.0,0.015625,0.0,0.05859375,0.05859375,0.0,0.0,0.0,0.0,0.0,41.01400082
81,81,64.02192540322582,11.2265625,48.69657258064517,-10.0625,-8.421247238638225e-16,0.0,-5.894873067046758e-15,0.0,0.0,0.0,-0.00390625,0.01953125,0.0546875,0.0,0.0,0.0,0.0,0.0,41.11128581
82,82,64.0178931451613,11.2578125,49.837449596774185,0.0,2.5263741715914674e-15,0.0,1.684249447727645e-15,0.0,0.0,-0.0078125,0.0,0.0,0.0,0.0,0.0,0.0,0.0,0.0,41.2085308
83,83,64.01436491935485,11.2578125,50.97177419354839,-0.375,-5.052748343182935e-15,0.0,-5.052748343182935e-15,0.0,0.0,0.01171875,0.00390625,0.33984375,0.08984375,0.0,0.0,0.0,0.0,0.0,41.30605482
84,84,64.01134072580646,11.25,52.10761088709676,-0.3671875,-5.052748343182935e-15,0.0,-8.421247238638224e-15,0.0,0.0,0.0078125,0.00390625,0.34375,0.0703125,0.0,0.0,0.0,0.0,0.0,41.40316979
85,85,64.00831653225805,11.25,53.23840725806452,-0.359375,5.052748343182935e-15,0.0,-4.210623619319112e-15,0.0,0.0,0.01171875,0.0,0.34375,0.0390625,0.0,0.0,0.0,0.0,0.0,41.50069501
86,86,64.00529233870967,11.25,54.370715725806456,-0.359375,-1.684249447727645e-15,0.0,-4.210623619319112e-15,0.0,0.0,0.015625,0.0,0.34765625,0.02734375,0.0,0.0,0.0,0.0,0.0,41.59760025
87,87,64.00126008064515,11.2578125,55.50604838709679,-0.3203125,-2.5263741715914674e-15,0.0,1.684249447727645e-15,0.0,0.0,-0.015625,0.0,0.3984375,0.02734375,0.0,0.0,0.0,0.0,0.0,41.69664374
88,88,63.99798387096774,11.2578125,56.63634072580646,-0.3203125,-5.052748343182935e-15,0.0,-7.579122514774402e-15,0.0,0.0,-0.01171875,0.0,0.3984375,0.01953125,0.0,0.0,0.0,0.0,0.0,41.79297791
89,89,63.995463709677416,11.265625,57.76890120967742,0.0,8.421247238638225e-16,0.0,-8.421247238638225e-16,0.0,0.0,-0.0078125,0.0,0.0,0.0,0.0,0.0,0.0,0.0,0.0,41.8903072
90,90,63.9936995967742,11.265625,58.90372983870968,0.0,-7.579122514774402e-15,0.0,-4.210623619319112e-15,0.0,0.0,0.0234375,0.00390625,0.0,0.0,0.0,0.0,0.0,0.0,0.0,41.98650535
91,91,63.992187499999986,11.2421875,60.03931451612903,0.0,4.210623619319112e-15,0.0,-8.421247238638224e-15,0.0,0.0,0.015625,0.0,0.0,0.0,0.0,0.0,0.0,0.0,0.0,42.08394165
92,92,63.98966733870968,11.25,61.16834677419355,-11.3515625,-8.421247238638225e-16,0.0,-9.263371962502048e-15,0.0,0.0,0.0078125,0.0,0.03125,0.01171875,0.0,0.0,0.0,0.0,0.0,42.181794
93,93,63.987903225806456,11.234375,62.291834677419374,-11.40625,-3.36849889545529e-15,0.0,-3.36849889545529e-15,0.0,0.0,0.0,0.0,0.01953125,-0.00390625,0.0,0.0,0.0,0.0,0.0,42.27903028
94,94,63.9858870967742,11.2421875,63.41633064516128,-11.2421875,-7.579122514774402e-15,0.0,-5.052748343182935e-15,0.0,0.0,-0.01171875,0.0,-0.0078125,0.03515625,0.0,0.0,0.0,0.0,0.0,42.3749504
95,95,63.985383064516135,11.2265625,64.54309475806453,-11.3984375,-1.010549668636587e-14,0.0,-1.2631870857957338e-14,0.0,0.0,-0.01953125,-0.00390625,0.01171875,-0.03515625,0.0,0.0,0.0,0.0,0.0,42.47226459
96,96,63.985131048387096,11.21875,65.67237903225808,-11.46875,-8.421247238638225e-16,0.0,-2.021099337273174e-14,0.0,0.0,-0.0234375,-0.00390625,0.05859375,-0.046875,0.0,0.0,0.0,0.0,0.0,42.56916368
97,97,63.98487903225804,11.2265625,66.79813508064515,-11.609375,-5.894873067046758e-15,0.0,-1.1789746134093515e-14,0.0,0.0,-0.01953125,-0.00390625,-0.02734375,-0.03515625,0.0,0.0,0.0,0.0,0.0,42.66425679
98,98,63.98311491935484,11.2421875,69.37046370967741,-11.6015625,0.0,0.0,-5.894873067046758e-15,0.0,0.0,0.0,0.00390625,-0.01953125,-0.0546875,0.0,0.0,0.0,0.0,0.0,42.76037589
99,99,63.98109879032256,11.2421875,69.84828629032258,-11.6796875,-5.894873067046758e-15,0.0,-8.421247238638224e-15,0.0,0.0,0.0234375,0.00390625,-0.0234375,-0.05078125,0.0,0.0,0.0,0.0,0.0,42.855661
100,100,63.98009072580644,11.2578125,70.32762096774194,-11.7578125,0.0,0.0,-6.73699779091058e-15,0.0,0.0,0.0078125,0.00390625,0.01953125,-0.08984375,0.0,0.0,0.0,0.0,0.0,42.9513741
101,101,63.97933467741934,11.25,70.8069556451613,-11.7734375,-8.421247238638225e-16,0.0,-4.210623619319112e-15,0.0,0.0,0.00390625,0.0,0.01953125,-0.05078125,0.0,0.0,0.0,0.0,0.0,43.04798919
102,102,63.97883064516128,11.2421875,71.28024193548387,-11.734375,-5.052748343182935e-15,0.0,-8.421247238638225e-16,0.0,0.0,-0.00390625,0.0,0.0,0.0,0.0,0.0,0.0,0.0,0.0,43.14414829
103,103,63.97832661290323,11.234375,71.74596774193547,-11.734375,-6.73699779091058e-15,0.0,-1.010549668636587e-14,0.0,0.0,-0.0078125,0.0,0.01171875,-0.02734375,0.0,0.0,0.0,0.0,0.0,43.23993939
104,104,63.97782258064516,11.2265625,72.21270161290323,-11.75,-4.210623619319112e-15,0.0,-1.010549668636587e-14,0.0,0.0,-0.0078125,0.0,-0.00390625,0.00390625,0.0,0.0,0.0,0.0,0.0,43.33654648
105,105,63.977570564516135,11.2265625,74.78956653225806,-11.7421875,-2.5263741715914674e-15,0.0,-4.210623619319112e-15,0.0,0.0,0.0,0.0,0.05078125,0.0,0.0,0.0,0.0,0.0,0.0,43.43366977
106,106,63.97757056451612,11.234375,77.36038306451613,-11.8125,-3.36849889545529e-15,0.0,-4.210623619319112e-15,0.0,0.0,0.03515625,0.00390625,0.05859375,-0.00390625,0.0,0.0,0.0,0.0,0.0,43.530729
107,107,63.97832661290322,11.234375,79.92716733870967,-11.8046875,-4.210623619319112e-15,0.0,-6.73699779091058e-15,0.0,0.0,0.03125,0.00390625,-0.03125,-0.01953125,0.0,0.0,0.0,0.0,0.0,43.62825127
108,108,63.977318548387096,11.25,79.89717741935485,-11.8203125,-6.73699779091058e-15,0.0,-1.347399558182116e-14,0.0,0.0,0.0,0.00390625,0.0078125,-0.05078125,0.0,0.0,0.0,0.0,0.0,43.72496447
109,109,63.97757056451611,11.234375,79.87046370967741,-11.875,-5.052748343182935e-15,0.0,0.0,0.0,0.0,0.0078125,0.0,-0.0078125,-0.01171875,0.0,0.0,0.0,0.0,0.0,43.82206471
110,110,63.9780745967742,11.234375,79.84501008064517,-11.9609375,-1.010549668636587e-14,0.0,-5.052748343182935e-15,0.0,0.0,0.0078125,0.0,0.03125,-0.0234375,0.0,0.0,0.0,0.0,0.0,43.91952797
111,111,63.979838709677416,11.234375,79.83392137096773,-11.9453125,-5.052748343182935e-15,0.0,8.421247238638225e-16,0.0,0.0,0.00390625,0.0,0.0,0.01953125,0.0,0.0,0.0,0.0,0.0,44.01750828
112,112,63.98160282258064,11.2421875,79.82232862903226,-11.875,-5.052748343182935e-15,0.0,-9.263371962502048e-15,0.0,0.0,-0.0078125,0.0,-0.0546875,0.015625,0.0,0.0,0.0,0.0,0.0,44.11489154
113,113,63.9828629032258,11.2265625,79.81199596774192,-11.96875,-5.052748343182935e-15,0.0,-9.263371962502048e-15,0.0,0.0,-0.015625,0.0,-0.02734375,-0.0078125,0.0,0.0,0.0,0.0,0.0,44.21336089
114,114,63.982862903225815,11.234375,79.81048387096773,-11.9609375,-1.010549668636587e-14,0.0,0.0,0.0,0.0,-0.01953125,0.0,0.0,0.00390625,0.0,0.0,0.0,0.0,0.0,44.31000209
115,115,63.98361895161291,11.234375,79.8094758064516,-11.9921875,-1.5158245029548804e-14,0.0,-1.0947621410229692e-14,0.0,0.0,-0.0234375,0.0,0.03515625,-0.00390625,0.0,0.0,0.0,0.0,0.0,44.4067583
116,116,63.98412298387096,11.234375,79.80846774193549,-11.9375,-6.73699779091058e-15,0.0,-9.263371962502048e-15,0.0,0.0,-0.0078125,0.00390625,0.03125,0.01953125,0.0,0.0,0.0,0.0,0.0,44.50369619
117,117,63.984375,11.2421875,79.80065524193549,-11.859375,-1.1789746134093515e-14,0.0,-3.36849889545529e-15,0.0,0.0,0.00390625,0.0,-0.0390625,0.01953125,0.0,0.0,0.0,0.0,0.0,44.60215108
118,118,63.985635080645174,11.2578125,79.79259072580645,-11.84375,-5.052748343182935e-15,0.0,-5.894873067046758e-15,0.0,0.0,0.01171875,0.00390625,0.0859375,0.0078125,0.0,0.0,0.0,0.0,0.0,44.6995819
119,119,63.98588709677419,11.25,79.7928427419355,-11.84375,-6.73699779091058e-15,0.0,-7.579122514774402e-15,0.0,0.0,-0.015625,0.0,0.01171875,0.046875,0.0,0.0,0.0,0.0,0.0,44.79639366
120,120,63.98613911290323,11.25,79.79334677419355,-11.65625,-5.052748343182935e-15,0.0,-1.010549668636587e-14,0.0,0.0,0.0,0.0,-0.01171875,0.07421875,0.0,0.0,0.0,0.0,0.0,44.89329643
121,121,63.986895161290306,11.25,79.79385080645163,-11.6796875,-5.052748343182935e-15,0.0,-4.210623619319112e-15,0.0,0.0,0.0078125,0.0,-0.04296875,0.0078125,0.0,0.0,0.0,0.0,0.0,44.99037622
122,122,63.987903225806456,11.2421875,79.79485887096774,-11.609375,-8.421247238638224e-15,0.0,2.5263741715914674e-15,0.0,0.0,0.00390625,0.0,0.04296875,-0.01953125,0.0,0.0,0.0,0.0,0.0,45.08531583
123,123,63.99017137096774,11.2421875,79.80393145161291,-11.625,-1.1789746134093515e-14,0.0,-1.684249447727645e-15,0.0,0.0,-0.0078125,0.0,0.05859375,-0.01953125,0.0,0.0,0.0,0.0,0.0,45.1822276
124,124,63.99117943548387,11.25,79.81980846774195,-11.6328125,-5.052748343182935e-15,0.0,-2.5263741715914674e-15,0.0,0.0,-0.00390625,0.0,-0.02734375,0.0234375,0.0,0.0,0.0,0.0,0.0,45.27928338
125,125,63.99269153225806,11.2578125,79.83442540322581,-11.6875,-1.010549668636587e-14,0.0,-5.052748343182935e-15,0.0,0.0,-0.01171875,0.0,-0.03125,0.015625,0.0,0.0,0.0,0.0,0.0,45.37728624
126,126,63.99420362903227,11.2578125,79.8475302419355,-11.7265625,-8.421247238638224e-15,0.0,3.36849889545529e-15,0.0,0.0,0.015625,0.00390625,0.015625,0.00390625,0.0,0.0,0.0,0.0,0.0,45.47557392
127,127,63.995463709677416,11.265625,79.85962701612901,-11.859375,-1.1789746134093515e-14,0.0,-8.421247238638224e-15,0.0,0.0,0.0078125,0.0,0.0078125,-0.01953125,0.0,0.0,0.0,0.0,0.0,45.57379434
128,128,63.99647177419355,11.265625,79.87752016129032,-11.84375,-1.347399558182116e-14,0.0,-1.1789746134093515e-14,0.0,0.0,-0.015625,0.0,0.0234375,-0.00390625,0.0,0.0,0.0,0.0,0.0,45.67141572
129,129,63.998235887096776,11.2421875,79.89390120967741,-11.7890625,-1.010549668636587e-14,0.0,-4.210623619319112e-15,0.0,0.0,-0.0234375,-0.00390625,-0.015625,0.02734375,0.0,0.0,0.0,0.0,0.0,45.76889409
130,130,64.00050403225806,11.25,79.90851814516128,-11.796875,-6.73699779091058e-15,0.0,2.5263741715914674e-15,0.0,0.0,0.01953125,0.0,-0.0078125,0.015625,0.0,0.0,0.0,0.0,0.0,45.86665148
131,131,64.00176411290323,11.2421875,79.9208669354839,-11.7265625,-2.357949226818703e-14,0.0,0.0,0.0,0.0,-0.00390625,-0.00390625,-0.0078125,-0.0078125,0.0,0.0,0.0,0.0,0.0,45.96277374
132,132,64.00504032258064,11.234375,79.9327116935484,-11.6953125,-5.052748343182935e-15,0.0,-1.010549668636587e-14,0.0,0.0,-0.0078125,-0.00390625,-0.04296875,-0.015625,0.0,0.0,0.0,0.0,0.0,46.05998409
133,133,64.00756048387095,11.25,79.95010080645162,-11.765625,-8.421247238638224e-15,0.0,-1.684249447727645e-15,0.0,0.0,0.0,0.0,-0.02734375,-0.015625,0.0,0.0,0.0,0.0,0.0,46.15730044
134,134,64.01033266129032,11.2421875,79.96496975806451,-11.71875,-6.73699779091058e-15,0.0,-8.421247238638225e-16,0.0,0.0,-0.0078125,0.0,0.01953125,0.00390625,0.0,0.0,0.0,0.0,0.0,46.25427277
135,135,64.01285282258064,11.25,79.97857862903226,-11.671875,-1.1789746134093515e-14,0.0,-4.210623619319112e-15,0.0,0.0,-0.0078125,0.0,-0.03125,0.03515625,0.0,0.0,0.0,0.0,0.0,46.35140011
136,136,64.01537298387096,11.2421875,79.99395161290325,-11.6953125,1.684249447727645e-15,0.0,0.0,0.0,0.0,-0.01171875,0.0,-0.01171875,0.015625,0.0,0.0,0.0,0.0,0.0,46.44857406
137,137,64.01713709677419,11.25,80.01612903225806,-11.7265625,-1.5158245029548804e-14,0.0,-4.210623619319112e-15,0.0,0.0,-0.015625,0.0,0.01171875,0.01171875,0.0,0.0,0.0,0.0,0.0,46.54660815
138,138,64.01864919354838,11.2421875,80.04259072580646,-11.7109375,-1.010549668636587e-14,0.0,-3.36849889545529e-15,0.0,0.0,0.0,0.0,0.0078125,0.01953125,0.0,0.0,0.0,0.0,0.0,46.64405221
139,139,64.01990927419355,11.234375,80.07006048387096,-11.6328125,-8.421247238638224e-15,0.0,-6.73699779091058e-15,0.0,0.0,0.0078125,0.0,0.015625,0.03515625,0.0,0.0,0.0,0.0,0.0,46.74047023
140,140,64.0211693548387,11.25,80.09198588709678,-11.65625,-5.052748343182935e-15,0.0,-4.210623619319112e-15,0.0,0.0,0.00390625,0.00390625,0.015625,0.01953125,0.0,0.0,0.0,0.0,0.0,46.83712225
141,141,64.02091733870968,11.25,80.11063508064517,-11.703125,-1.010549668636587e-14,0.0,-2.5263741715914674e-15,0.0,0.0,0.03125,0.00390625,0.0390625,0.0,0.0,0.0,0.0,0.0,0.0,46.93500234
142,142,64.01965725806451,11.265625,80.12626008064515,-11.6875,-5.052748343182935e-15,0.0,3.36849889545529e-15,0.0,0.0,0.0078125,0.00390625,0.03125,0.0078125,0.0,0.0,0.0,0.0,0.0,47.03201038
143,143,64.0178931451613,11.2578125,80.13886088709678,-11.6796875,-8.421247238638224e-15,0.0,-1.1789746134093515e-14,0.0,0.0,-0.01171875,0.0,0.0,0.015625,0.0,0.0,0.0,0.0,0.0,47.12885341
144,144,64.015625,11.265625,80.14818548387096,-11.640625,-5.052748343182935e-15,0.0,-6.73699779091058e-15,0.0,0.0,0.0,0.0,-0.0234375,0.03125,0.0,0.0,0.0,0.0,0.0,47.22367634
145,145,64.01386088709677,11.265625,80.15347782258064,-11.625,-1.1789746134093515e-14,0.0,3.36849889545529e-15,0.0,0.0,0.00390625,0.0,-0.015625,0.015625,0.0,0.0,0.0,0.0,0.0,47.32028636
146,146,64.00907258064518,11.2421875,80.15826612903226,-11.65625,-8.421247238638224e-15,0.0,5.052748343182935e-15,0.0,0.0,-0.00390625,0.0,0.00390625,0.0,0.0,0.0,0.0,0.0,0.0,47.41629035
147,147,64.0025201612903,11.265625,80.16607862903226,-11.5625,-9.263371962502048e-15,0.0,-1.684249447727645e-15,0.0,0.0,0.171875,0.01171875,-0.01171875,0.03125,0.0,0.0,0.0,0.0,0.0,47.51380813
148,148,63.995211693548406,11.2734375,80.17439516129033,-11.578125,-6.73699779091058e-15,0.0,-5.052748343182935e-15,0.0,0.0,0.1796875,0.01171875,0.0078125,0.015625,0.0,0.0,0.0,0.0,0.0,47.60835402
149,149,63.9858870967742,11.2734375,80.17817540322582,-11.5390625,-8.421247238638224e-15,0.0,-1.684249447727645e-15,0.0,0.0,0.078125,0.0,-0.0078125,0.0234375,0.0,0.0,0.0,0.0,0.0,47.70360496
150,150,63.97832661290323,11.28125,80.17691532258064,-11.4765625,-1.347399558182116e-14,0.0,0.0,0.0,0.0,-0.01171875,-0.0078125,-0.00390625,0.03515625,0.0,0.0,0.0,0.0,0.0,47.79920592
151,151,63.96900201612903,11.28125,80.16960685483872,-11.484375,-1.0947621410229692e-14,0.0,-8.421247238638224e-15,0.0,0.0,0.05859375,0.0,-0.0078125,0.01953125,0.0,0.0,0.0,0.0,0.0,47.89728207
152,152,63.95766129032259,11.28125,80.15826612903226,-11.3984375,-1.0947621410229692e-14,0.0,-8.421247238638224e-15,0.0,0.0,-0.01171875,-0.00390625,0.0390625,0.02734375,0.0,0.0,0.0,0.0,0.0,47.99494418
153,153,63.94329637096775,11.28125,80.14087701612904,-11.4140625,-1.1789746134093515e-14,0.0,1.010549668636587e-14,0.0,0.0,-0.03125,-0.00390625,0.01171875,0.01953125,0.0,0.0,0.0,0.0,0.0,48.09252829
154,154,63.92590725806451,11.2578125,80.11769153225805,-11.3515625,-8.421247238638224e-15,0.0,-1.684249447727645e-15,0.0,0.0,-0.0390625,-0.00390625,0.03125,0.0234375,0.0,0.0,0.0,0.0,0.0,48.18837527
155,155,63.90599798387096,11.265625,80.08341733870968,-11.4453125,-7.579122514774402e-15,0.0,-1.5158245029548804e-14,0.0,0.0,-0.08984375,-0.00390625,-0.140625,0.0390625,0.0,0.0,0.0,0.0,0.0,48.28566136
156,156,63.88306451612904,11.265625,80.04082661290323,-11.4296875,0.0,0.0,-6.73699779091058e-15,0.0,0.0,-0.1015625,0.0,-0.08984375,0.01171875,0.0,0.0,0.0,0.0,0.0,48.38253141
157,157,63.85433467741936,11.28125,79.98865927419357,-11.46875,-1.347399558182116e-14,0.0,-3.36849889545529e-15,0.0,0.0,-0.1640625,0.0,-0.08984375,-0.00390625,0.0,0.0,0.0,0.0,0.0,48.48010307
158,158,63.82232862903227,11.2890625,79.93119959677419,-11.453125,-2.5263741715914674e-15,0.0,-1.684249447727645e-15,0.0,0.0,-0.1796875,0.0,-0.16015625,0.0078125,0.0,0.0,0.0,0.0,0.0,48.57790732
159,159,63.78654233870968,11.28125,79.86743951612902,-11.359375,-1.0947621410229692e-14,0.0,-5.052748343182935e-15,0.0,0.10546875,-0.203125,0.0,-0.21875,0.03125,0.0,0.0,0.0,0.0,0.0,48.67592458
160,160,63.74747983870968,11.3046875,79.79511088709678,-11.3984375,-8.421247238638224e-15,0.0,-1.010549668636587e-14,0.0,0.1875,-0.27734375,0.0078125,-0.2890625,-0.03515625,0.0,0.0,0.0,0.0,0.0,48.77374382
161,161,63.70539314516128,11.28125,79.71875,-11.359375,3.359627016129023,0.0,-1.684249447727645e-15,0.0,0.25,-0.328125,0.00390625,-0.30859375,-0.015625,0.0,0.0,0.0,0.0,0.0,48.87099701
162,162,63.65625,11.28125,79.63508064516128,-11.375,6.7124495967741815,0.0,0.0,0.0,0.29296875,-0.40625,0.00390625,-0.375,-0.0234375,0.0,0.0,0.0,0.0,0.0,48.96769316
163,163,63.60131048387096,11.296875,79.54359879032256,-11.3125,10.061743951612895,0.0,-2.021099337273174e-14,0.0,0.34375,-0.453125,0.00390625,-0.44921875,-0.01953125,0.0,0.0,0.0,0.0,0.0,49.06370225
164,164,63.54082661290323,11.296875,79.44354838709678,-11.3828125,13.402973790322573,0.0,-1.6842494477276448e-14,0.0,0.40234375,-0.5234375,0.00390625,-0.47265625,-0.046875,0.0,0.0,0.0,0.0,0.0,49.16114447
165,165,63.47429435483871,11.421875,79.33870967741935,-11.390625,16.74042338709677,0.0,1.684249447727645e-15,0.0,0.47265625,-0.484375,0.01171875,-0.51171875,-0.04296875,0.0,0.0,0.0,0.0,0.0,49.2589087
166,166,63.399193548387096,11.3828125,79.22152217741933,-11.5078125,20.069304435483865,0.0,-3.36849889545529e-15,0.0,0.56640625,-0.56640625,-0.00390625,-0.64453125,-0.046875,0.0,0.0,0.0,0.0,0.0,49.357319
167,167,63.31980846774195,11.3828125,79.09879032258067,-11.5390625,23.39364919354838,0.0,-5.894873067046758e-15,0.0,0.6640625,-0.64453125,0.0,-0.67578125,-0.0546875,0.0,0.0,0.0,0.0,0.0,49.45586778
168,168,63.23135080645163,11.3984375,78.96345766129032,-11.578125,26.708165322580648,0.0,-1.768461920114027e-14,0.0,0.75390625,-0.76953125,0.0,-0.765625,-0.0546875,0.0,0.0,0.0,0.0,0.0,49.55518302
169,169,63.13810483870966,11.3828125,78.8203125,-11.578125,30.01789314516128,0.0,8.421247238638225e-16,0.0,0.84375,-0.82421875,0.0,-0.83984375,-0.0546875,0.0,0.0,0.0,0.0,0.0,49.65253514
170,170,63.03881048387096,11.3984375,78.66733870967741,-11.515625,33.3203125,0.0,3.36849889545529e-15,0.0,0.92578125,-0.9375,0.0,-0.921875,-0.0625,0.0,0.0,0.0,0.0,0.0,49.74985426
171,171,62.93069556451612,11.453125,78.50579637096773,-11.3984375,36.61365927419355,0.0,-3.36849889545529e-15,0.0,0.9921875,-0.98828125,0.09765625,-0.96875,0.0625,0.0,0.0,0.0,0.0,-0.001342773438,49.84701437
172,172,62.816028225806456,11.453125,78.3366935483871,-11.3046875,39.90045362903226,0.0,-3.36849889545529e-15,0.0,1.0703125,-1.10546875,0.08984375,-1.0546875,0.0859375,0.0,0.0,0.0,0.0,-0.001342773438,49.94247437
173,173,62.693548387096776,11.4453125,78.15826612903227,-11.2265625,43.17817540322581,0.0,3.36849889545529e-15,0.0,1.17578125,-1.15234375,0.00390625,-1.1328125,0.0078125,0.0,0.0,0.0,0.0,0.0,50.03646027
174,174,62.56653225806451,11.4296875,77.97505040322582,-11.2734375,46.45035282258064,0.0,0.0,0.0,1.31640625,-1.30078125,-0.17578125,-1.36328125,-0.19140625,0.0,0.0,0.0,0.0,0.002746582031,50.1322483
175,175,62.42943548387096,11.4609375,77.78074596774192,-11.25,49.703125,0.0,-3.36849889545529e-15,0.0,1.43359375,-1.4453125,0.0,-1.4453125,0.0,0.0,0.0,0.0,0.0,0.0,50.22880436
176,176,62.286542338709666,11.421875,77.58114919354837,-11.3203125,52.94279233870968,-8.90625,-1.010549668636587e-14,0.0,1.57421875,-1.49609375,-0.17578125,-1.5859375,-0.234375,-1.5546875,-0.26953125,0.0,0.0,0.002746582031,50.32491141
177,177,62.13306451612904,11.390625,77.36769153225806,-11.3671875,56.1633064516129,-9.109375,3.36849889545529e-15,0.0,1.70703125,-1.671875,-0.171875,-1.7265625,-0.23046875,-1.73828125,-0.33203125,0.0,0.0,0.002746582031,50.42124446
178,178,61.975050403225815,11.375,77.14969758064514,-11.3046875,59.3719758064516,-9.2109375,0.0,0.0,1.828125,-1.75390625,-0.171875,-1.8359375,-0.20703125,-1.77734375,-0.34375,0.0,0.0,0.002746582031,50.51743698
179,179,61.80519153225806,11.375,76.92162298387098,-11.328125,62.56703629032258,-9.2265625,0.0,0.0,1.94140625,-1.86328125,-0.16796875,-1.9609375,-0.20703125,-1.9453125,-0.3125,0.0,0.0,0.002746582031,50.61348868
180,180,61.63256048387096,11.328125,76.68850806451614,-11.3359375,65.7578125,-9.234375,-1.010549668636587e-14,0.0,2.0390625,-1.93359375,-0.171875,-2.0078125,-0.20703125,-2.015625,-0.30078125,0.0,0.0,0.002746582031,50.70804426
181,181,61.45514112903224,11.296875,76.44228830645162,-11.40625,68.92943548387096,-9.1953125,3.36849889545529e-15,0.0,2.10546875,-2.0625,-0.16796875,-2.0859375,-0.25390625,-2.11328125,-0.28125,0.0,0.0,0.002746582031,50.80327589
182,182,61.28528225806452,11.2890625,76.19052419354837,-11.4921875,72.08795362903226,-9.15625,0.0,0.0,2.18359375,-2.125,-0.2578125,-2.03515625,-0.39453125,-2.21484375,-0.41015625,0.0,0.0,0.004150390625,50.90060668
183,183,61.11643145161291,11.234375,75.92767137096773,-11.515625,75.22883064516128,-9.2421875,-6.73699779091058e-15,0.0,2.25390625,-2.234375,-0.2578125,-2.20703125,-0.33203125,-2.28515625,-0.42578125,0.0,0.0,0.004150390625,50.99495024
184,184,60.95766129032258,11.2109375,75.66028225806451,-11.6640625,75.2288306451613,-9.2890625,-6.73699779091058e-15,0.0,2.32421875,-2.28515625,-0.2578125,-2.33984375,-0.36328125,-2.33203125,-0.4296875,0.0,0.0,0.004150390625,51.08970884
185,185,60.80569556451612,11.171875,75.38734879032259,-11.7890625,75.2288306451613,-9.3671875,0.0,0.0,2.390625,-2.3515625,-0.2578125,-2.43359375,-0.375,-2.40234375,-0.43359375,0.0,0.0,0.004150390625,51.18447743
186,186,60.65725806451613,11.125,75.1101310483871,-11.8515625,75.22883064516128,-9.4296875,3.36849889545529e-15,0.0,2.4765625,-2.41015625,-0.25390625,-2.5390625,-0.3671875,-2.546875,-0.41796875,0.0,0.0,0.004150390625,51.28050512
187,187,60.51335685483871,11.09375,74.82585685483869,-11.9765625,75.22883064516128,-9.46875,-1.010549668636587e-14,0.0,2.55859375,-2.484375,-0.25390625,-2.5703125,-0.3984375,-2.58984375,-0.41796875,0.0,0.0,0.004150390625,51.37686184
188,188,60.371975806451616,11.078125,74.54107862903224,-12.0,75.2288306451613,-9.515625,-1.010549668636587e-14,0.0,2.65234375,-2.58203125,-0.1640625,-2.72265625,-0.234375,-2.58984375,-0.29296875,0.0,0.0,0.002746582031,51.47433552
189,189,60.23336693548387,11.0703125,74.24899193548387,-11.9921875,75.22883064516128,-9.5,-3.36849889545529e-15,0.0,2.765625,-2.65625,0.0,-2.7265625,-0.02734375,-2.68359375,0.00390625,0.0,0.0,0.0,51.57387018
190,190,60.09349798387097,11.09375,73.9470766129032,-11.9921875,78.3069556451613,-9.3984375,0.0,0.0,2.8828125,-2.8359375,0.0,-2.8359375,-0.0390625,-2.859375,0.00390625,0.0,0.0,0.0,51.67407089
191,191,59.95614919354839,11.0625,73.64490927419355,-11.828125,81.3772681451613,-9.3515625,-3.36849889545529e-15,0.0,2.9921875,-2.88671875,-0.16796875,-2.953125,-0.18359375,-2.9609375,-0.27734375,0.0,0.0,0.002746582031,51.77132238
192,192,59.81527217741936,11.03125,73.3303931451613,-11.7890625,78.01764112903227,-9.3125,-3.36849889545529e-15,0.0,3.05859375,-3.0625,-0.00390625,-3.05078125,0.02734375,-3.02734375,-0.01171875,0.0,0.0,0.0,51.86846386
193,193,59.67993951612902,11.0234375,73.01537298387098,-11.84375,74.6648185483871,-9.34375,0.0,0.0,3.15234375,-3.109375,-0.00390625,-3.1328125,0.01171875,-3.0859375,-0.01953125,0.0,0.0,0.0,51.9651993
194,194,59.54107862903226,11.0078125,72.68901209677418,-11.6640625,73.77192540322581,-9.375,0.0,0.0,3.23828125,-3.2265625,-0.00390625,-3.2265625,0.05078125,-3.15234375,-0.01171875,0.0,0.0,0.0,52.06231378
195,195,59.403981854838705,11.0078125,72.36088709677419,-11.3984375,72.87676411290323,-9.4609375,-6.73699779091058e-15,0.0,3.30859375,-3.26171875,-0.00390625,-3.2734375,0.11328125,-3.28125,0.00390625,0.0,0.0,0.0,52.15755811
196,196,59.26688508064515,11.046875,72.02696572580646,-11.25,71.97404233870968,-9.359375,-6.73699779091058e-15,0.0,3.37890625,-3.234375,-0.16015625,-3.421875,-0.08203125,-3.43359375,-0.25,0.0,0.0,0.002746582031,52.25319347
197,197,59.13079637096772,11.1796875,71.69027217741936,-11.1328125,71.0647681451613,-9.3203125,-3.36849889545529e-15,0.0,3.43359375,-3.16015625,0.01171875,-3.38671875,0.09765625,-3.41015625,0.0078125,0.0,0.0,0.0,52.34996892
198,198,58.991935483870975,11.2578125,71.3485383064516,-11.2109375,70.1484375,-9.3515625,0.0,0.0,3.47265625,-3.07421875,0.01953125,-3.4296875,0.03515625,-3.484375,-0.00390625,0.0,0.0,0.0,52.44636102
199,199,58.80519153225804,11.34375,71.00378024193547,-11.0625,69.22782258064518,0.0,2.20640120967741,0.0,3.5234375,-2.88671875,0.0234375,-3.484375,0.0703125,0.0,0.0,0.0,0.0,0.0,52.54290532
200,200,58.60332661290322,11.421875,70.65751008064515,-10.9453125,68.30191532258064,0.0,4.404989919354837,0.0,3.56640625,-2.72265625,0.02734375,-3.51171875,0.07421875,0.0,0.0,0.0,0.0,0.0,52.63953062
201,201,58.39591733870967,11.5390625,70.3039314516129,-10.84375,67.3623991935484,0.0,6.589213709677418,0.0,3.60546875,-2.57421875,0.03125,-3.57421875,0.078125,0.0,0.0,0.0,0.0,0.0,52.73634993
202,202,58.19077620967743,11.6171875,69.95136088709677,-10.7734375,66.42061491935485,0.0,8.76537298387097,0.0,3.625,-2.42578125,0.03125,-3.63671875,0.046875,0.0,0.0,0.0,0.0,0.0,52.83208719
203,203,57.980090725806456,11.6875,69.58996975806453,-10.7265625,65.46774193548389,0.0,10.924899193548384,0.0,3.6484375,-2.3125,0.03515625,-3.59765625,0.0625,0.0,0.0,0.0,0.0,0.0,52.9269744
204,204,57.77167338709678,11.7265625,69.22933467741936,-10.6953125,64.51411290322582,0.0,13.076360887096772,0.0,3.6640625,-2.23046875,0.03515625,-3.65625,0.03515625,0.0,0.0,0.0,0.0,0.0,53.02234663
205,205,57.55569556451611,11.7734375,68.85584677419354,-10.8203125,63.54712701612903,-9.4140625,15.2109375,0.0,3.6875,-2.14453125,0.02734375,-3.65234375,-0.01171875,-3.6328125,0.08203125,0.0,0.0,0.0,53.12096104
206,206,57.344506048387096,11.8203125,68.48563508064515,-10.953125,62.589465725806456,-9.4140625,17.337449596774196,0.0,3.7109375,-2.078125,0.03125,-3.68359375,-0.0390625,-3.640625,0.0625,0.0,0.0,0.0,53.22084653
207,207,57.127772177419345,11.875,68.10357862903226,-11.109375,61.626008064516135,0.0,19.44657258064516,0.0,3.73828125,-2.01953125,0.02734375,-3.703125,-0.05859375,0.0,0.0,0.0,0.0,0.0,53.31756583
208,208,56.91859879032258,11.9140625,67.72479838709678,-11.21875,60.671875,0.0,21.547379032258064,0.0,3.78125,-2.0,0.02734375,-3.75,-0.06640625,0.0,0.0,0.0,0.0,0.0,53.41192101
209,209,56.70362903225806,11.9296875,67.33492943548389,-11.046875,59.710937500000014,11.3046875,23.630292338709673,0.0,3.8203125,-1.94140625,-0.21875,-3.87109375,-0.265625,-3.7734375,-0.26953125,0.0,0.0,0.004150390625,53.50771477
210,210,56.49571572580644,11.9765625,66.94959677419354,-10.9765625,58.75403225806451,11.2890625,25.704889112903224,0.0,3.8671875,-1.9609375,-0.20703125,-3.83984375,-0.26953125,-3.82421875,-0.27734375,0.0,0.0,0.004150390625,53.60049625
211,211,56.279737903225794,12.0,66.55292338709677,-10.8359375,57.78251008064516,11.28125,27.762600806451612,0.0,3.9140625,-1.99609375,-0.125,-3.890625,-0.12890625,-3.8671875,-0.16796875,0.0,0.0,0.002746582031,53.69602087
212,212,56.06123991935484,12.015625,66.16154233870965,-10.8046875,56.8210685483871,11.265625,29.812247983870968,0.0,3.953125,-2.01953125,-0.125,-3.94140625,-0.12890625,-3.90625,-0.17578125,0.0,0.0,0.002746582031,53.78897435
213,213,55.82308467741935,12.0625,65.76134072580646,-10.8828125,55.855594758064534,11.2578125,31.844002016129036,0.0,3.96484375,-2.046875,-0.1171875,-3.98828125,-0.1484375,-3.91796875,-0.171875,0.0,0.0,0.002746582031,53.87910771
214,214,55.57837701612903,11.9609375,65.36391129032256,-10.875,54.89944556451613,11.2578125,33.86668346774194,11.8203125,3.9765625,-3.515625,-0.03125,-3.88671875,-0.01171875,-3.953125,0.01953125,-4.01171875,0.359375,0.0,53.97728145
215,215,55.31552419354839,11.734375,64.96144153225805,-11.1875,57.0710685483871,11.34375,35.875,11.78125,3.98828125,-3.453125,-0.26953125,-4.0078125,-0.3515625,-3.93359375,-0.24609375,-3.953125,-0.01953125,0.004150390625,54.07488816
216,216,55.03830645161291,11.71875,64.55569556451614,-11.3515625,59.231098790322584,11.359375,37.87071572580645,11.78125,4.0,-3.44921875,-0.02734375,-3.984375,-0.078125,-4.0,0.06640625,-3.97265625,0.12890625,0.0,54.17462798
217,217,54.748739919354826,11.7109375,64.14919354838709,-11.734375,61.378276209677416,11.2734375,39.85282258064516,11.7890625,4.03125,-3.390625,-0.171875,-4.0546875,-0.34375,-3.984375,-0.171875,-3.98046875,-0.08203125,0.002746582031,54.27285872
218,218,54.44556451612903,11.7109375,63.74269153225804,-11.640625,63.511340725806456,11.234375,41.82132056451613,11.8125,4.05859375,-3.37109375,-0.16015625,-4.07421875,-0.24609375,-4.0390625,-0.19921875,-4.00390625,-0.1171875,0.002746582031,54.37240953
219,219,54.13684475806451,11.71875,63.3351814516129,-11.734375,65.63457661290322,11.1953125,43.7804939516129,11.7890625,4.08203125,-3.3515625,-0.15625,-4.109375,-0.24609375,-4.0,-0.1875,-4.0625,-0.140625,0.002746582031,54.47133978
220,220,53.81325604838709,11.75,62.92086693548387,-11.9296875,67.73840725806451,11.1953125,45.720262096774185,11.796875,4.08984375,-3.31640625,-0.140625,-4.14453125,-0.2890625,-4.0703125,-0.1953125,-4.0546875,-0.15234375,0.002746582031,54.5701902
221,221,53.48639112903225,11.78125,62.511592741935466,-11.7734375,66.75504032258064,11.2421875,47.6484375,11.7734375,4.10546875,-3.31640625,0.01171875,-4.10546875,-0.0390625,-4.1015625,0.03125,-4.1171875,0.015625,0.0,54.6675895
222,222,53.14516129032259,11.828125,62.092489919354826,-11.9453125,65.76033266129032,11.2109375,49.55796370967742,11.765625,4.125,-3.2734375,0.01171875,-4.1171875,-0.1015625,-4.13671875,0.0078125,-4.08984375,0.0078125,0.0,54.76716498
223,223,52.80191532258065,11.8515625,61.67867943548386,-11.96875,67.82610887096776,11.2265625,51.45740927419355,11.75,4.1328125,-3.2109375,-0.125,-4.16015625,-0.25390625,-4.09375,-0.16796875,-4.078125,-0.17578125,0.002746582031,54.86491231
224,224,52.44556451612904,11.9140625,61.2532762096774,-11.8984375,69.87298387096774,11.21875,53.337953629032256,11.734375,4.140625,-3.1875,0.01953125,-4.1640625,-0.00390625,-4.1484375,0.015625,-4.16015625,0.0,0.0,54.96269664
225,225,52.08669354838709,11.9453125,60.83618951612904,-11.953125,69.45413306451614,11.21875,55.20866935483871,11.765625,4.15234375,-3.16015625,0.0234375,-4.24609375,-0.00390625,-4.171875,0.0078125,-4.14453125,0.00390625,0.0,55.05993392
226,226,51.71875,12.0,60.41381048387095,-11.9765625,69.03150201612904,11.2265625,57.06502016129033,11.828125,4.1640625,-3.12890625,0.02734375,-4.1953125,-0.0625,-4.1640625,0.02734375,-4.16796875,0.01171875,0.0,55.15755023
227,227,51.34375,12.0390625,59.987651209677416,-12.0546875,68.60635080645162,11.1953125,58.90927419354839,11.90625,4.17578125,-3.125,0.03515625,-4.2109375,-0.078125,-4.16796875,0.00390625,-4.19140625,0.01953125,0.0,55.25329039
228,228,50.963205645161295,12.0859375,59.56123991935483,-11.921875,68.18245967741936,11.1640625,60.740423387096776,11.9375,4.18359375,-3.109375,0.03515625,-4.17578125,-0.015625,-4.1640625,-0.01953125,-4.18359375,0.015625,0.0,55.34776244
229,229,50.5766129032258,12.1015625,59.13004032258065,-12.1171875,67.75630040322581,11.171875,62.557963709677416,11.9140625,4.19140625,-3.11328125,0.03515625,-4.1953125,-0.0859375,-4.1953125,-0.0234375,-4.1875,0.0078125,0.0,55.44176047
230,230,50.23815524193549,12.1328125,58.703881048387075,-12.03125,67.33492943548387,11.1328125,62.159778225806456,11.8828125,4.203125,-3.1171875,0.03515625,-4.2109375,-0.01953125,-4.1875,-0.03515625,-4.203125,0.0,0.0,55.53716579
231,231,49.90801411290323,12.1640625,58.27494959677419,-11.9140625,66.9117943548387,11.078125,61.76058467741936,11.9609375,4.21875,-3.1328125,0.0390625,-4.21484375,0.02734375,-4.19921875,-0.05859375,-4.1953125,0.01171875,0.0,55.63280714
232,232,49.57560483870968,12.1953125,57.846774193548384,-11.9140625,66.49319556451614,11.0234375,61.360131048387096,11.9140625,4.23046875,-3.16015625,0.04296875,-4.2421875,0.015625,-4.19140625,-0.06640625,-4.203125,0.00390625,0.0,55.73224582
233,233,49.23790322580644,12.21875,57.41507056451613,-11.9296875,66.07459677419355,11.03125,60.956401209677416,11.9296875,4.234375,-3.171875,0.0390625,-4.27734375,0.0234375,-4.22265625,-0.04296875,-4.2578125,0.0,0.0,55.82760615
234,234,48.89793346774195,12.234375,56.97757056451612,-12.0390625,65.65751008064517,11.0703125,60.55393145161292,11.9375,4.2421875,-3.16796875,-0.09765625,-4.234375,-0.20703125,-4.2109375,-0.19140625,-4.1875,-0.16015625,0.002746582031,55.92456061
235,235,48.5531754032258,12.2578125,56.5383064516129,-12.0859375,65.23966733870968,11.15625,60.15196572580644,12.3828125,4.25390625,-3.22265625,0.0390625,-4.1875,-0.05078125,-4.26171875,0.05078125,-4.25390625,0.0625,0.0,56.02607147
236,236,48.20438508064517,12.3125,56.100806451612904,-12.2265625,64.82384072580646,11.15625,59.749747983870975,12.8359375,4.2578125,-3.25390625,0.04296875,-4.26171875,-0.05859375,-4.26171875,0.0390625,-4.26171875,0.109375,0.0,56.12469008
237,237,47.85030241935484,12.34375,55.661794354838705,-12.296875,64.40801411290323,11.1796875,59.34828629032259,13.015625,4.265625,-3.2578125,0.03515625,-4.23828125,-0.05859375,-4.28515625,0.03125,-4.29296875,0.08203125,0.0,56.21725916
238,238,47.49017137096775,12.3828125,55.22555443548384,-12.1953125,63.99395161290323,11.171875,58.947076612903246,13.1328125,4.26953125,-3.2734375,0.03515625,-4.265625,-0.0234375,-4.27734375,0.03125,-4.30078125,0.078125,0.0,56.30844212
239,239,47.12474798387098,12.421875,54.78956653225806,-12.296875,63.58064516129032,11.1953125,58.54435483870968,13.234375,4.26953125,-3.2734375,0.03515625,-4.28125,-0.0390625,-4.27734375,0.03125,-4.2890625,0.05859375,0.0,56.40174526
240,240,46.76033266129033,12.4921875,54.362651209677416,-12.3515625,63.17691532258064,11.1640625,58.15045362903226,13.296875,4.26953125,-3.30859375,0.046875,-4.27734375,-0.046875,-4.28125,0.0078125,-4.2890625,0.0546875,0.0,56.49473612
241,241,46.38230846774193,12.5234375,53.92767137096773,-12.25,62.76486895161291,11.2109375,57.746975806451616,13.3359375,4.265625,-3.3359375,0.05078125,-4.26171875,-0.0234375,-4.27734375,0.02734375,-4.25,0.046875,0.0,56.58868543
242,242,46.007560483870975,12.5703125,53.50327620967741,-12.1015625,62.36239919354839,11.2265625,57.35080645161291,13.3671875,4.26171875,-3.359375,0.0546875,-4.25390625,0.0234375,-4.26171875,0.03515625,-4.25,0.03515625,0.0,56.68156263
243,243,45.61995967741935,12.609375,53.07081653225806,-12.0234375,61.950856854838726,11.1875,56.94455645161291,13.3984375,4.2578125,-3.390625,0.0546875,-4.24609375,0.0234375,-4.265625,0.00390625,-4.29296875,0.01953125,0.0,56.77664705
244,244,45.234375,12.625,52.64566532258065,-12.015625,61.54511088709679,11.1796875,56.54410282258064,13.4140625,4.2578125,-3.40625,0.046875,-4.29296875,0.03515625,-4.265625,-0.0078125,-4.3203125,0.0078125,0.0,56.87228653
245,245,44.842993951612904,12.671875,52.2195060483871,-12.0234375,61.13608870967743,11.203125,56.140625000000014,13.4296875,4.25,-3.46484375,0.12109375,-4.23828125,0.0703125,-4.26953125,0.08984375,-4.30078125,0.0859375,-0.001342773438,56.96704692
246,246,44.446320564516135,12.71875,51.787298387096754,-11.9765625,60.725050403225815,11.25,55.73563508064516,13.4453125,4.24609375,-3.51171875,0.125,-4.1796875,0.05859375,-4.265625,0.10546875,-4.265625,0.0859375,-0.001342773438,57.0607832
247,247,44.05241935483872,12.765625,51.3548387096774,-12.171875,60.31829637096775,11.3203125,55.33492943548388,13.4765625,4.23828125,-3.5546875,0.234375,-4.17578125,0.17578125,-4.296875,0.296875,-4.3203125,0.234375,-0.004150390625,57.15687872
248,248,43.65045362903227,12.7890625,50.91683467741936,-12.5859375,59.907762096774206,11.3515625,54.929435483870975,13.4921875,4.23828125,-3.5390625,0.05078125,-4.2578125,-0.1328125,-4.2421875,0.046875,-4.25390625,0.0078125,0.0,57.25282823
249,249,43.250756048387096,12.828125,50.48311491935483,-12.6796875,59.503024193548406,11.3671875,54.52923387096776,13.546875,4.23828125,-3.6015625,0.11328125,-4.2578125,-0.140625,-4.265625,0.1015625,-4.2890625,0.08203125,-0.001342773438,57.35067192
250,250,42.84047379032259,12.8671875,50.036038306451594,-12.7109375,59.09022177419355,11.359375,54.119707661290334,13.5546875,4.23046875,-3.6328125,0.0625,-4.26171875,-0.15625,-4.24609375,0.01171875,-4.24609375,0.0078125,0.0,57.44524427
251,251,42.43800403225807,12.921875,49.59349798387096,-12.90625,58.68623991935484,11.40625,53.721270161290334,13.5859375,4.234375,-3.69140625,0.0703125,-4.2890625,-0.12890625,-4.25,0.02734375,-4.28515625,0.0078125,0.0,57.54317183
252,252,42.02595766129032,12.953125,49.13785282258064,-13.0625,58.27368951612903,11.40625,53.31602822580646,13.6015625,4.23046875,-3.76171875,0.08203125,-4.28515625,-0.16015625,-4.23828125,0.0234375,-4.2578125,0.0078125,0.0,57.63780307
253,253,41.61895161290323,12.984375,48.685987903225815,-13.015625,57.8686995967742,11.4140625,52.917590725806456,13.6328125,4.234375,-3.8671875,0.0859375,-4.2734375,-0.046875,-4.23046875,0.01953125,-4.2734375,0.0078125,0.0,57.73073514
254,254,41.20388104838711,13.0078125,48.22479838709675,-12.984375,57.457913306451616,11.4453125,52.51310483870968,13.6640625,4.23828125,-3.94921875,0.0859375,-4.27734375,-0.0234375,-4.24609375,0.02734375,-4.28125,0.0078125,0.0,57.82338419
255,255,40.796370967741936,13.0078125,47.77116935483869,-13.0703125,57.057207661290334,11.4609375,52.11794354838711,13.6875,4.23046875,-4.06640625,0.0859375,-4.26171875,-0.06640625,-4.24609375,0.02734375,-4.2890625,0.0078125,0.0,57.91626126
256,256,40.38104838709679,13.0546875,47.308215725806456,-13.1328125,56.64768145161291,11.4453125,51.71421370967743,13.703125,4.23046875,-4.1875,0.125,-4.2265625,0.0,-4.23828125,0.08984375,-4.2734375,0.0859375,-0.001342773438,58.01101851
257,257,39.97001008064517,13.0625,46.84828629032259,-13.15625,56.242187500000014,11.421875,51.313760080645174,13.7265625,4.234375,-4.25,0.07421875,-4.22265625,-0.0546875,-4.24609375,-0.01171875,-4.25390625,0.015625,0.0,58.10231242
258,258,39.55418346774195,13.1171875,46.3813004032258,-13.25,55.83366935483872,11.453125,50.907762096774206,13.75,4.23828125,-4.3828125,0.0703125,-4.22265625,-0.06640625,-4.24609375,0.01171875,-4.2421875,0.015625,0.0,58.19583355
259,259,39.140372983870975,13.1328125,45.91809475806451,-13.25,55.42918346774194,11.46875,50.505040322580655,13.78125,4.2421875,-4.4921875,0.0703125,-4.25390625,-0.01171875,-4.25390625,0.015625,-4.25390625,0.015625,0.0,58.28757351
260,260,37.67817540322582,13.15625,45.449848790322584,-13.328125,55.02142137096775,11.4921875,50.098790322580655,13.796875,4.24609375,-4.61328125,0.0703125,-4.2578125,-0.0390625,-4.24609375,0.02734375,-4.2578125,0.01171875,0.0,58.38161769
261,261,36.22555443548388,13.1796875,44.982106854838726,-13.0859375,54.61491935483872,11.59375,49.691532258064534,13.8125,4.25390625,-4.64453125,0.046875,-4.265625,0.0,-4.25390625,0.06640625,-4.25,0.01171875,0.0,58.47698471
262,262,35.515625000000014,13.1796875,44.50277217741934,-13.09375,54.20413306451614,11.640625,49.27469758064517,13.8203125,4.25390625,-4.64453125,0.03515625,-4.26953125,-0.11328125,-4.2578125,0.07421875,-4.25,0.01171875,0.0,58.57379853
263,263,34.81048387096776,13.203125,44.02696572580645,-13.25,53.79737903225808,11.578125,48.85962701612905,13.8125,4.2578125,-4.65234375,-0.078125,-4.328125,-0.26171875,-4.21484375,-0.16015625,-4.21484375,-0.12890625,0.002746582031,58.6678151
264,264,34.10433467741936,13.1953125,43.542590725806456,-13.1796875,53.38760080645163,11.5234375,48.44329637096775,13.828125,4.26171875,-4.671875,-0.08203125,-4.34765625,-0.1640625,-4.22265625,-0.1875,-4.22265625,-0.1328125,0.002746582031,58.76085758
265,265,33.39541330645162,13.21875,43.05720766129035,-13.0859375,52.9780745967742,11.4921875,48.023941532258085,13.7890625,4.26171875,-4.68359375,-0.1328125,-4.3515625,-0.26953125,-4.2109375,-0.2421875,-4.20703125,-0.19921875,0.004150390625,58.85881351
266,266,32.68951612903227,13.234375,42.573336693548384,-13.03125,52.571572580645174,11.6328125,47.60257056451614,13.765625,4.26171875,-4.67578125,-0.078125,-4.31640625,-0.2578125,-4.26171875,-0.0859375,-4.265625,-0.14453125,0.002746582031,58.95578334
267,267,31.981350806451626,13.25,42.087197580645146,-13.1484375,52.16381048387097,11.5390625,47.179687500000014,13.7421875,4.2578125,-4.6640625,-0.12890625,-4.34375,-0.35546875,-4.22265625,-0.20703125,-4.203125,-0.1953125,0.004150390625,59.05522941
268,268,31.289566532258082,13.25,41.60156249999999,-12.9921875,51.76310483870969,11.4921875,46.75554435483872,13.734375,4.25390625,-4.70703125,-0.20703125,-4.38671875,-0.3515625,-4.1875,-0.359375,-4.17578125,-0.32421875,0.006958007813,59.15519352
269,269,30.59702620967742,13.2578125,41.11290322580647,-13.0703125,51.36189516129034,11.4609375,46.32787298387099,13.703125,4.25390625,-4.8046875,-0.10546875,-4.3359375,-0.3125,-4.21484375,-0.2109375,-4.18359375,-0.1875,0.004150390625,59.25531164
270,270,29.898437500000004,13.28125,40.62172379032257,-13.0625,50.959425403225815,11.453125,45.897681451612925,13.6796875,4.25,-4.8125,-0.1015625,-4.34765625,-0.30078125,-4.21484375,-0.2109375,-4.19140625,-0.1875,0.004150390625,59.35459769
271,271,29.19783266129033,13.328125,40.123739919354826,-13.140625,50.55191532258065,11.3828125,45.460685483870975,13.625,4.25,-4.8125,-0.05859375,-4.2890625,-0.22265625,-4.22265625,-0.15625,-4.21484375,-0.125,0.002746582031,59.45591683
272,272,28.497731854838722,13.3515625,39.62474798387097,-13.25,50.14591733870968,11.3671875,45.02318548387098,13.6328125,4.24609375,-4.8515625,-0.046875,-4.28515625,-0.2578125,-4.22265625,-0.1484375,-4.203125,-0.1171875,0.002746582031,59.55503138
273,273,27.799899193548395,13.421875,39.124747983870975,-13.4609375,49.7444556451613,11.359375,44.58417338709679,13.609375,4.23828125,-4.88671875,0.0390625,-4.3046875,-0.171875,-4.23828125,-0.0078125,-4.24609375,0.0,0.0,59.65547899
274,274,27.105594758064527,13.421875,37.62147177419354,-13.5546875,49.34828629032259,11.3515625,44.1436491935484,13.5859375,4.2265625,-4.86328125,-0.0625,-4.3359375,-0.27734375,-4.203125,-0.140625,-4.19140625,-0.125,0.002746582031,59.75327647
275,275,26.419102822580665,0.0,36.88508064516128,-13.578125,48.96018145161291,11.34375,43.70866935483872,13.5703125,4.21875,0.0,0.0,-4.31640625,-0.27734375,-4.1953125,-0.13671875,-4.1484375,-0.12109375,0.002746582031,59.85549216
276,276,25.733114919354858,0.0,36.146673387096776,-13.5859375,48.569556451612904,11.2109375,43.26688508064517,13.5625,4.21484375,0.0,0.0,-4.25,-0.171875,-4.19140625,-0.05078125,-4.24609375,-0.0078125,0.0,59.95601077
277,277,25.05090725806452,9.5,35.418850806451616,-13.6328125,48.186491935483886,11.2734375,42.82913306451614,13.515625,4.2109375,-3.87109375,-0.1796875,-4.26953125,-0.171875,-4.1640625,-0.03125,-4.2265625,-0.01171875,0.0,60.06023855
278,278,24.36265120967742,9.4921875,34.69002016129031,-13.65625,47.79939516129032,11.2734375,42.385332661290334,13.5,4.2109375,-3.875,-0.19921875,-4.25390625,-0.171875,-4.1640625,-0.01953125,-4.23828125,-0.0078125,0.0,60.16428133
279,279,23.684979838709683,9.5,33.962449596774185,-13.6640625,47.42061491935484,11.265625,41.949344758064534,13.5234375,4.2109375,-3.875,-0.12890625,-4.3203125,-0.09765625,-4.1640625,-0.015625,-4.1953125,-0.00390625,0.0,60.26913314
280,280,23.002772177419363,9.453125,33.189012096774206,-13.5859375,47.03729838709678,11.28125,41.50277217741936,13.5234375,4.203125,-3.875,0.02734375,-4.2734375,-0.0390625,-4.15234375,-0.02734375,-4.2109375,-0.00390625,0.0,60.37328691
281,281,22.333921370967747,9.4609375,32.4334677419355,-13.5859375,46.66381048387098,11.2734375,41.061239919354854,13.53125,4.203125,-3.87890625,-0.05078125,-4.25,0.0078125,-4.21484375,-0.00390625,-4.20703125,0.05859375,-0.001342773438,60.47632914
282,282,21.65826612903226,9.4375,31.67666330645161,-13.8828125,46.286038306451616,11.265625,40.61491935483871,13.5546875,4.2109375,-3.875,-0.07421875,-4.44140625,-0.359375,-4.21875,-0.0390625,-4.1875,0.0078125,0.0,60.57786151
283,283,20.995715725806463,9.609375,30.932963709677413,-13.9609375,45.91809475806452,11.421875,40.175655241935495,13.578125,4.21484375,-3.875,-0.04296875,-4.46484375,-0.46484375,-3.953125,0.14453125,-4.20703125,0.0078125,0.0,60.68190314
284,284,20.328629032258068,9.5859375,30.185735887096783,-14.015625,45.546875,11.4453125,39.72933467741936,13.5546875,4.21875,-3.875,-0.11328125,-4.41796875,-0.32421875,-3.96875,0.26953125,-4.3203125,0.1640625,-0.004150390625,60.78866604
285,285,19.670110887096776,9.4921875,29.44884072580646,-14.046875,45.18296370967743,11.4609375,39.28805443548388,13.546875,4.21875,-3.875,-0.09375,-4.484375,-0.33203125,-3.91015625,0.05859375,-4.1953125,0.0078125,0.0,60.89258265
286,286,19.001260080645167,9.484375,28.705645161290306,-14.078125,44.80922379032259,11.4609375,38.83845766129032,13.578125,4.2265625,-3.875,-0.12109375,-4.49609375,-0.21484375,-3.890625,0.0390625,-4.2421875,0.01171875,0.0,60.99932656
287,287,18.342489919354847,9.4296875,27.96849798387096,-14.1015625,44.44254032258064,11.46875,38.394405241935495,13.5703125,4.22265625,-3.8671875,-0.1171875,-4.50390625,-0.125,-3.86328125,0.0234375,-4.25390625,0.00390625,0.0,61.10280513
288,288,17.680443548387107,9.4375,27.22883064516129,-14.109375,44.07232862903226,11.6953125,37.94707661290323,13.515625,4.21875,-3.875,-0.17578125,-4.5078125,-0.09765625,-4.05859375,-0.12890625,-4.19140625,0.01171875,0.0,61.20458752
289,289,17.02192540322581,9.4296875,29.571824596774203,0.0,43.70841733870968,11.9140625,37.503528225806456,13.484375,4.21875,-3.84765625,-0.16796875,0.0,0.0,-4.15234375,-0.328125,-4.1953125,-0.1015625,0.002746582031,61.30554183
290,290,16.35559475806452,9.5,31.91129032258064,-12.2265625,43.33971774193549,11.84375,37.05493951612904,13.5390625,4.2265625,-3.875,-0.171875,-4.19921875,0.046875,-4.15234375,-0.23828125,-4.2421875,-0.00390625,0.0,61.40669016
291,291,16.740675403225822,9.5546875,30.682963709677413,-12.0234375,42.97631048387097,11.90625,36.61139112903227,13.515625,4.23046875,-3.875,-0.14453125,-4.14453125,0.08984375,-4.12890625,-0.296875,-4.21875,-0.1015625,0.002746582031,61.50902834
292,292,17.109375,9.5,29.4639616935484,-12.0234375,42.60811491935484,11.921875,36.16255040322581,13.4921875,4.23046875,-3.875,-0.34375,-4.10546875,0.125,-4.1953125,-0.19140625,-4.26953125,-0.00390625,0.0,61.61455037
293,293,16.73462701612903,9.5,28.268397177419367,-12.0546875,42.2452116935484,11.8828125,35.73513104838711,13.515625,4.23828125,-3.875,-0.140625,-4.1640625,0.12109375,-4.1953125,-0.1875,-4.26953125,-0.00390625,0.0,61.7176372
294,294,16.35635080645162,9.5078125,27.08543346774193,-12.0234375,41.87928427419355,11.8984375,35.30241935483872,13.515625,4.2421875,-3.78125,-0.109375,-4.25,-0.0625,-4.19921875,-0.14453125,-4.2421875,0.00390625,0.0,61.81584961
295,295,15.981602822580657,9.515625,25.92414314516129,-13.5625,41.51663306451613,11.8515625,34.869455645161295,13.6796875,4.24609375,-3.77734375,-0.1640625,-4.33203125,-0.1953125,-4.17578125,-0.25,-4.25390625,-0.0625,0.002746582031,61.9161572
296,296,15.64490927419356,9.59375,24.787298387096783,-13.8125,41.15398185483872,11.8203125,34.43951612903227,13.78125,4.24609375,-3.78125,-0.015625,-4.3046875,-0.17578125,-4.21484375,-0.140625,-4.3046875,0.0390625,0.0,62.01469164
297,297,15.293850806451603,9.6328125,23.659526209677434,-14.015625,40.78477822580646,11.8125,34.003528225806456,13.875,4.2421875,-3.78125,-0.0390625,-4.33203125,-0.16796875,-4.21875,-0.09375,-4.26171875,0.0390625,0.0,62.11192897
298,298,14.959173387096781,9.71875,25.96043346774194,-14.0234375,40.42086693548388,11.84375,33.57358870967742,13.8515625,4.2421875,-3.6875,0.046875,-4.3359375,-0.125,-4.25390625,-0.10546875,-4.27734375,0.02734375,0.0,62.20907228
299,299,14.602822580645174,9.734375,28.247731854838698,-14.0390625,40.04284274193548,11.875,33.135332661290334,13.8359375,4.2421875,-3.6875,0.09765625,-4.33203125,-0.078125,-4.25,-0.046875,-4.30078125,0.015625,0.0,62.30897784
300,300,14.268901209677416,9.75,30.541582661290334,-14.046875,39.67363911290323,11.9765625,32.709173387096776,13.8203125,4.25,-3.6875,0.0546875,-4.3359375,-0.05859375,-4.26171875,0.01171875,-4.31640625,0.01171875,0.0,62.4066382
301,301,13.938760080645157,9.7109375,32.83014112903227,-14.046875,39.29889112903227,11.984375,32.27872983870968,13.8203125,4.25390625,-3.78125,0.03515625,-4.34765625,-0.03515625,-4.29296875,0.0546875,-4.328125,0.0078125,0.0,62.50584337
302,302,13.615171370967754,9.8203125,35.1242439516129,-14.0546875,38.928175403225815,11.875,31.854586693548388,13.8359375,4.2578125,-3.6875,0.09765625,-4.3515625,-0.0234375,-4.2890625,-0.03515625,-4.3359375,0.0078125,0.0,62.60156985
303,303,13.30040322580646,9.859375,37.419606854838705,-14.0546875,38.56350806451613,11.796875,31.434979838709687,13.8359375,4.25,-3.6875,0.18359375,-4.3515625,-0.015625,-4.26171875,-0.03125,-4.33203125,0.00390625,0.0,62.69913046
304,304,12.994203629032274,9.796875,39.713205645161295,-7.7890625,38.19506048387098,11.7421875,31.016129032258068,13.8046875,4.2578125,-3.78125,0.0390625,-4.234375,0.171875,-4.22265625,-0.046875,-4.33984375,0.0,0.0,62.79502195
305,305,12.69455645161289,9.6484375,43.007560483870975,-7.9609375,37.823840725806456,11.703125,30.604082661290334,13.7890625,4.265625,-3.875,-0.1953125,-4.21484375,0.09375,-4.25,-0.05859375,-4.34765625,-0.00390625,0.0,62.89582678
306,306,12.39440524193548,9.640625,45.535030241935466,0.0,37.44833669354839,11.671875,30.189768145161295,13.796875,4.26953125,-3.875,-0.484375,0.0,0.0,-4.2265625,-0.15234375,-4.3203125,-0.08203125,0.002746582031,62.99402142
307,307,12.097782258064518,9.546875,48.05267137096773,0.0,37.07661290322581,11.640625,29.78099798387097,13.7890625,4.2734375,-3.87890625,-0.359375,0.0,0.0,-4.2265625,-0.17578125,-4.328125,-0.08203125,0.002746582031,63.09499626
308,308,11.808971774193544,9.421875,50.56678427419356,0.0,36.70816532258064,11.59375,29.377016129032263,13.40625,4.27734375,-4.0,-0.80078125,0.0,0.0,-4.19140625,-0.33984375,-4.328125,-0.23046875,0.006958007813,63.19548506
309,309,11.534274193548393,9.328125,53.07409274193548,0.0,36.34375000000001,11.5546875,28.9765625,13.3671875,4.28125,-4.00390625,-1.1640625,0.0,0.0,-4.19921875,-0.2890625,-4.34375,-0.21875,0.006958007813,63.29628989
310,310,11.263608870967747,9.25,55.58266129032258,0.0,35.978074596774185,11.4921875,28.605846774193544,13.328125,4.29296875,-3.875,-1.41796875,0.0,0.0,-4.21875,-0.3046875,-4.359375,-0.2109375,0.006958007813,63.39561761
311,311,11.003276209677441,10.3125,58.132812499999986,0.0,35.61819556451612,11.4375,28.23865927419355,13.3125,4.296875,-3.87890625,-0.796875,0.0,0.0,-4.20703125,-0.31640625,-4.2734375,-0.2265625,0.008361816406,63.4984354
312,312,10.74193548387098,9.796875,60.65625,0.0,35.25201612903227,11.421875,27.87247983870968,13.2421875,4.30078125,-5.06640625,-1.5859375,0.0,0.0,-4.17578125,-0.4296875,-4.2265625,-0.34765625,0.01251220703,63.5970793
313,313,10.495463709677423,9.984375,60.03251008064515,-8.3984375,34.893145161290334,11.421875,27.51310483870968,13.203125,4.3046875,-3.96875,-1.703125,-4.46875,-1.80078125,-4.13671875,-0.52734375,-4.16796875,-0.45703125,0.01672363281,63.69801138
314,314,10.25100806451613,9.703125,59.4188508064516,-9.0078125,34.53528225806452,11.3203125,27.159022177419356,13.125,4.3125,-3.546875,-1.296875,-4.4921875,-2.60546875,-4.06640625,-0.78125,-4.05859375,-0.63671875,0.02368164063,63.79955651
315,315,10.026713709677427,9.7890625,58.82283266129031,-9.34375,34.18447580645161,11.2421875,26.815524193548388,13.0625,4.3203125,-3.0234375,-1.171875,-4.54296875,-2.76171875,-4.0546875,-0.83203125,-4.02734375,-0.66796875,0.02508544922,63.90095363
316,316,9.807963709677427,9.65625,58.23639112903227,-9.8203125,33.834425403225815,11.0703125,26.470766129032256,12.9296875,4.32421875,-2.77734375,-0.87890625,-4.67578125,-3.6953125,-3.94921875,-1.19140625,-3.89453125,-0.91015625,0.03485107422,64.00138167
317,317,9.608618951612907,9.59375,57.66809475806452,-10.140625,33.4952116935484,11.03125,26.139616935483875,12.8046875,4.32421875,-2.6484375,-0.76953125,-4.73828125,-4.10546875,-3.93359375,-1.28515625,-3.88671875,-1.0390625,0.0390625,64.10307281
318,318,9.41456653225805,9.5078125,57.11290322580644,-10.6640625,33.15977822580645,10.6953125,25.81628024193549,12.6640625,4.32421875,-2.41796875,-0.6796875,-4.83203125,-4.9140625,-3.7734375,-1.7265625,-3.78515625,-1.23046875,0.04742431641,64.20325083
319,319,9.23109879032258,9.8828125,56.57232862903225,-11.265625,32.83064516129032,10.5703125,25.502268145161292,12.5234375,4.32421875,-2.37890625,-0.6796875,-4.93359375,-5.51171875,-3.73046875,-1.8515625,-3.7265625,-1.3515625,0.05303955078,64.30220575
320,320,9.063004032258068,9.7890625,52.97001008064515,-12.171875,32.504536290322584,10.2890625,25.2109375,12.375,4.3125,-2.09765625,-0.7265625,-5.1875,-7.02734375,-3.6015625,-2.27734375,-3.51171875,-1.6875,0.068359375,64.39971456
321,321,8.912550403225808,9.734375,49.38205645161291,-12.703125,32.18523185483872,10.140625,24.91859879032258,12.203125,4.32421875,-1.9453125,-0.765625,-5.30078125,-7.86328125,-3.515625,-2.48046875,-3.41796875,-1.87890625,0.07678222656,64.49832297
322,322,8.7686491935484,10.0234375,49.3820564516129,-13.9140625,31.870211693548395,9.6171875,24.630292338709676,11.9140625,4.328125,-2.14453125,-0.984375,-5.7265625,-9.91015625,-3.31640625,-3.28125,-3.1875,-2.33984375,0.09771728516,64.59431639
323,323,8.639112903225827,9.953125,49.38205645161289,-14.7734375,31.56073588709677,9.3203125,24.35282258064516,11.7890625,4.32421875,-2.06640625,-0.9921875,-5.8984375,-10.6171875,-3.26171875,-3.54296875,-3.125,-2.4765625,0.104675293,64.68590043
324,324,8.518397177419358,10.046875,49.38205645161291,-16.046875,31.25453629032258,8.7578125,24.06476814516129,11.53125,4.3203125,-1.75390625,-1.10546875,-6.2578125,-12.0703125,-3.15234375,-4.0390625,-2.96875,-2.79296875,0.1200561523,64.77601134
325,325,8.407762096774201,9.9375,49.38205645161289,-17.1640625,30.955897177419363,8.4609375,23.790826612903228,11.53125,4.3203125,-1.609375,-1.1640625,-6.59375,-13.23828125,-3.13671875,-4.27734375,-2.94140625,-3.078125,0.1326293945,64.86621726
326,326,8.301915322580648,9.859375,49.38205645161288,-18.1171875,30.66028225806452,8.1953125,23.524697580645167,11.328125,4.31640625,-1.54296875,-1.1796875,-6.86328125,-13.72265625,-3.15625,-4.36328125,-2.91796875,-3.19140625,0.1381835938,64.95176277
327,327,8.179687500000021,9.6796875,49.38205645161288,-20.2421875,30.37247983870968,7.6171875,23.268649193548388,10.921875,4.3046875,-1.33203125,-1.28125,-7.44921875,-15.4765625,-3.109375,-4.75,-2.765625,-3.56640625,0.1563720703,65.03047968
328,328,8.075856854838714,9.78125,49.38205645161291,0.0,30.09047379032258,7.3359375,23.04712701612903,10.7578125,4.30859375,-1.30078125,-1.33203125,0.0,0.0,-3.14453125,-4.796875,-2.76953125,-3.62890625,0.1605224609,65.09991877
329,329,7.9770665322580605,9.6875,45.97328629032257,0.0,29.8132560483871,7.0234375,22.816028225806456,10.53125,4.30078125,-1.28515625,-1.3203125,0.0,0.0,-3.1875,-4.796875,-2.7890625,-3.6328125,0.1619262695,65.16781473
330,330,7.898185483870973,9.6484375,42.588205645161274,0.0,29.544858870967747,6.75,22.59198588709678,10.234375,4.30078125,-0.98046875,-1.45703125,0.0,0.0,-3.1484375,-5.03515625,-2.58203125,-3.8359375,0.1730957031,65.23505563
331,331,7.814012096774207,9.5390625,39.216229838709666,0.0,29.276209677419356,6.34375,22.367943548387107,9.8515625,4.30078125,-0.92578125,-1.48046875,0.0,0.0,-3.17578125,-5.1875,-2.58203125,-3.93359375,0.1787109375,65.2996013
332,332,7.73941532258065,9.4609375,35.86164314516128,0.0,29.01638104838711,6.046875,22.154233870967744,9.609375,4.2890625,-0.85546875,-1.57421875,0.0,0.0,-3.1953125,-5.31640625,-2.5546875,-4.05859375,0.1856689453,65.36368292
333,333,7.6693548387096735,9.3515625,32.51738911290323,0.0,28.756552419354836,5.6640625,21.950100806451612,9.34375,4.2890625,-0.80859375,-1.58203125,0.0,0.0,-3.24609375,-5.421875,-2.55078125,-4.1171875,0.1898803711,65.4238072
334,334,7.606854838709681,9.2421875,29.19102822580644,0.0,28.497227822580648,5.265625,21.751008064516128,9.0625,4.2890625,-0.75390625,-1.61328125,0.0,0.0,-3.23828125,-5.5859375,-2.5390625,-4.23828125,0.1968383789,65.48331492
335,335,7.540826612903244,9.171875,29.674143145161285,0.0,28.23563508064516,4.859375,21.55594758064517,8.6328125,4.2890625,-0.7109375,-1.734375,0.0,0.0,-3.29296875,-5.8359375,-2.6015625,-4.4375,0.2066040039,65.54465272
336,336,7.482610887096774,9.046875,30.16204637096774,0.0,27.97933467741936,4.4453125,21.3656754032258,8.296875,4.28125,-0.62890625,-1.796875,0.0,0.0,-3.3046875,-6.10546875,-2.546875,-4.640625,0.2177734375,65.6046274
337,337,7.427671370967737,8.90625,30.657510080645167,0.0,27.719002016129043,4.0,21.178931451612907,7.953125,4.265625,-0.7734375,-1.9375,0.0,0.0,-3.34375,-6.41796875,-2.50390625,-4.86328125,0.2303466797,65.67591797
338,338,7.380040322580654,8.734375,31.168094758064516,0.0,27.45791330645161,3.5625,20.996219758064512,7.6015625,4.25390625,-0.9921875,-2.09765625,0.0,0.0,-3.41015625,-6.59765625,-2.46875,-4.99609375,0.2387084961,65.73687273
339,339,7.335685483870984,8.53125,31.6796875,0.0,27.19153225806451,3.1328125,20.814264112903228,7.25,4.24609375,-1.703125,-2.5703125,0.0,0.0,-3.46484375,-6.7578125,-2.4765625,-5.125,0.2471313477,65.79708543
340,340,7.28981854838711,8.3515625,32.20236895161292,0.0,26.921875000000007,2.6328125,20.634576612903228,6.90625,4.2421875,-1.73828125,-2.47265625,0.0,0.0,-3.54296875,-7.1015625,-2.453125,-5.3671875,0.2610473633,65.86160147
341,341,7.24319556451612,8.1875,32.73286290322581,0.0,26.65120967741936,2.1171875,20.427167338709676,6.546875,4.234375,-1.84765625,-2.33984375,0.0,0.0,-3.671875,-7.203125,-2.50390625,-5.4375,0.2666625977,65.92910774
342,342,7.196572580645157,7.9921875,33.263356854838705,0.0,26.37474798387097,1.6171875,20.22605846774194,6.1875,4.22265625,-1.6796875,-2.24609375,0.0,0.0,-3.78515625,-7.25,-2.55859375,-5.4765625,0.2708740234,65.99854017
343,343,7.1572580645161334,7.8359375,33.80821572580644,0.0,26.09576612903226,1.1484375,20.02595766129032,5.0078125,4.2109375,-1.64453125,-2.19921875,0.0,0.0,-3.8984375,-7.34375,-2.83203125,-5.62109375,0.2778320313,66.060404
344,344,7.114163306451614,7.640625,37.50504032258066,0.0,25.816532258064516,0.6484375,19.82711693548387,4.8359375,4.20703125,-1.3515625,-2.1328125,0.0,0.0,-4.015625,-7.38671875,-2.828125,-5.65625,0.282043457,66.13057348
345,345,7.0660282258064635,7.421875,41.165826612903224,0.0,25.518649193548388,0.1875,19.617187500000004,4.578125,4.203125,-1.22265625,-2.18359375,0.0,0.0,-4.140625,-7.31640625,-2.91015625,-5.609375,0.2833862305,66.19584958
346,346,7.00806451612904,7.2734375,44.803427419354826,0.0,25.217237903225808,-0.3046875,19.405745967741936,4.3984375,4.19921875,-1.2890625,-2.203125,0.0,0.0,-4.2734375,-7.24609375,-2.98828125,-5.5,0.2833862305,66.26002859
347,347,6.94506048387098,7.1328125,44.80342741935484,0.0,24.902217741935473,-0.9296875,19.19178427419355,4.046875,4.19140625,-1.265625,-2.1875,0.0,0.0,-4.4140625,-7.3671875,-3.0625,-5.53125,0.2875976563,66.3279879
348,348,6.879788306451627,6.953125,47.62676411290323,0.0,24.583417338709687,-1.3828125,18.973790322580648,3.6953125,4.19140625,-1.2109375,-2.203125,0.0,0.0,-4.59765625,-7.40234375,-3.0859375,-5.4921875,0.2945556641,66.38922768
349,349,6.809475806451614,6.8125,50.43724798387097,0.0,24.245967741935488,-1.8671875,18.743447580645157,3.3828125,4.1875,-1.22265625,-2.17578125,0.0,0.0,-4.74609375,-7.3359375,-3.16015625,-5.4609375,0.2959594727,66.46357969
350,350,6.735887096774197,6.6328125,53.23034274193547,11.90625,23.8984375,-2.3125,18.506048387096776,3.046875,4.1796875,-1.16015625,-2.19921875,-0.546875,-35.76171875,-4.88671875,-7.37890625,-3.18359375,-5.578125,0.3029785156,66.53159844
351,351,6.658266129032267,6.4296875,56.014364919354826,9.4140625,23.543850806451616,-2.765625,18.24722782258064,2.7734375,4.17578125,-1.11328125,-2.203125,-1.296875,-35.91796875,-5.0390625,-7.32421875,-3.30859375,-5.5703125,0.3057250977,66.59798106
352,352,6.572580645161294,6.234375,58.77142137096776,6.90625,23.16255040322582,-3.2578125,17.980594758064516,2.421875,4.17578125,-1.07421875,-2.19921875,-2.05859375,-36.0234375,-5.1640625,-7.28125,-3.4296875,-5.5546875,0.3071289063,66.67293639
353,353,6.484627016129027,6.0546875,61.51335685483871,4.390625,22.770161290322577,-3.734375,17.707913306451616,2.046875,4.17578125,-1.04296875,-2.203125,-2.796875,-36.28515625,-5.33203125,-7.2265625,-3.51171875,-5.546875,0.3099365234,66.74354036
354,354,6.392641129032257,5.8828125,64.23513104838709,1.9375,22.3679435483871,-4.0859375,17.428175403225804,1.671875,4.16796875,-1.0,-2.21875,-3.53515625,-36.6875,-5.51953125,-7.078125,-3.625,-5.6015625,0.3141479492,66.81469638
355,355,6.298387096774197,5.6953125,66.91708669354838,-0.484375,21.93724798387096,-4.484375,17.12928427419354,1.3125,4.16015625,-0.9453125,-2.21875,-4.3125,-36.75,-5.58984375,-7.02734375,-3.75,-5.57421875,0.3155517578,66.88962572
356,356,6.204637096774197,5.3046875,69.57384072580646,-2.359375,21.4959677419355,-4.8671875,16.822328629032253,0.9375,4.14453125,-1.75390625,-2.41796875,-4.921875,-36.89453125,-5.6875,-6.96875,-3.84765625,-5.5546875,0.3182983398,66.96871641
357,357,6.11088709677419,4.9921875,72.08266129032258,-4.7109375,20.631048387096776,-5.375,16.499747983870968,0.5703125,4.125,-1.90625,-2.47265625,-5.67578125,-37.40625,-5.83984375,-7.078125,-3.8984375,-5.56640625,0.3239135742,67.04848115
358,358,6.01184475806453,4.59375,74.58039314516128,-8.25,21.87777217741936,-5.984375,16.176663306451616,0.046875,4.11328125,-1.4609375,-3.125,-6.8359375,-38.0234375,-6.06640625,-6.9765625,-4.09765625,-5.5625,0.330871582,67.129526
359,359,5.926915322580643,4.4453125,77.06048387096773,-9.71875,23.048135080645146,-6.3125,15.8266129032258,-0.1796875,4.09375,-1.41796875,-2.99609375,-7.39453125,-38.39453125,-6.19140625,-7.0859375,-4.171875,-5.54296875,0.3350830078,67.21477621
360,360,5.839969758064517,3.9609375,79.53528225806451,-14.78125,24.184223790322594,-7.25,15.498739919354835,-0.9296875,4.0703125,-1.6015625,-3.1796875,-9.1953125,-38.94921875,-6.51953125,-6.921875,-4.38671875,-5.48828125,0.3434448242,67.30139854
361,361,5.748739919354834,3.671875,82.00504032258064,-17.3984375,24.630796370967744,-7.546875,15.181451612903224,-1.2890625,4.0546875,-1.56640625,-3.4140625,-10.16796875,-39.21484375,-6.5859375,-6.7734375,-4.54296875,-5.55859375,0.34765625,67.38543964
362,362,5.662802419354847,3.3046875,84.48034274193547,0.0,25.079133064516135,-8.2109375,14.873487903225811,-1.8359375,4.0390625,-1.76953125,-3.15625,0.0,0.0,-6.8671875,-6.7734375,-4.77734375,-5.5859375,0.3560180664,67.46648019
363,363,5.578629032258077,3.171875,86.95463709677419,4.6953125,25.532006048387093,-8.640625,14.568800403225813,-2.1484375,4.015625,-1.86328125,-3.28125,-2.37109375,-31.60546875,-7.0390625,-6.765625,-4.84765625,-5.5390625,0.3602294922,67.54835839
364,364,5.50504032258065,2.78125,89.42993951612904,1.28125,25.991431451612907,-9.390625,14.264868951612897,-2.75,3.99609375,-2.015625,-3.3359375,-3.51953125,-32.52734375,-7.40625,-6.7421875,-5.07421875,-5.44921875,0.3727416992,67.6316887
365,365,5.42767137096774,2.5390625,91.91028225806451,-1.140625,26.457409274193548,-9.8828125,13.97152217741935,-3.2421875,3.96484375,-2.12890625,-3.34375,-4.44140625,-33.65625,-7.75,-6.828125,-5.28515625,-5.45703125,0.38671875,67.71596307
366,366,5.355594758064517,2.3515625,90.59274193548389,-3.3515625,26.931199596774206,-10.2421875,13.688760080645167,-3.796875,3.91796875,-2.30078125,-3.3125,-5.2578125,-33.625,-7.8359375,-6.59765625,-5.46875,-5.35546875,0.3881225586,67.80272664
367,367,5.2953629032258105,1.9375,89.29007056451614,-7.84375,27.41204637096774,-11.109375,13.4140625,-4.4140625,3.875,-2.59765625,-3.53125,-7.08203125,-34.67578125,-8.30078125,-6.5,-5.73828125,-5.21484375,0.4049072266,67.88781708
368,368,5.237651209677427,1.734375,87.99269153225805,-10.2265625,27.904989919354843,-11.546875,13.143901209677411,-4.71875,3.83203125,-2.7421875,-3.234375,-8.015625,-34.4453125,-8.453125,-6.28125,-5.7890625,-5.04296875,0.4049072266,67.97303853
369,369,5.1764112903225765,1.5390625,86.70589717741936,-12.3046875,28.407258064516125,-11.9375,12.88432459677419,-4.984375,3.78125,-2.81640625,-2.93359375,-8.703125,-33.375,-8.46875,-5.92578125,-5.80859375,-4.6640625,0.3951416016,68.06712365
370,370,5.1136592741935605,1.234375,85.43119959677419,-16.5625,27.66456653225806,-12.671875,12.62802419354838,-5.4609375,3.69140625,-2.78515625,-2.71484375,-10.07421875,-31.97265625,-8.546875,-5.34375,-5.82421875,-4.25390625,0.383972168,68.16115477
371,371,5.050151209677433,1.0390625,84.16683467741936,-18.859375,26.93245967741934,-13.0234375,12.37978830645161,-5.7265625,3.359375,-2.7109375,-3.140625,-10.7890625,-31.42578125,-8.53515625,-5.07421875,-5.71875,-4.12109375,0.3797607422,68.26263945
372,372,4.98891129032257,0.7109375,82.91381048387096,-13.7578125,26.210937500000004,0.0,12.13835685483871,-6.1328125,2.52734375,-2.10546875,-2.3984375,-6.51953125,-22.70703125,0.0,0.0,-4.546875,-3.12109375,0.2875976563,68.35723261
373,373,4.927923387096769,0.6484375,81.67389112903227,-15.1640625,25.50226814516128,-6.7109375,11.90524193548387,-6.2109375,1.46484375,-0.94921875,-2.0390625,-5.2578125,-17.45703125,-20.84765625,-12.125,-3.375,-2.24609375,0.2219848633,68.45988384
374,374,4.866935483870971,0.4765625,80.45211693548387,-17.171875,24.810483870967737,-7.6875,11.681703629032254,-6.3515625,0.2265625,0.34375,-2.203125,-3.12109375,-13.8046875,-19.21484375,-8.59375,-1.53125,-1.44140625,0.1773071289,68.550807
375,375,4.809727822580664,0.390625,79.24042338709678,-17.9609375,24.12651209677418,-8.921875,11.462449596774194,-6.3984375,-0.2265625,0.83203125,-1.921875,-1.74609375,-9.9921875,-18.5234375,-5.3515625,-0.73828125,-0.9453125,0.1284179688,68.64612941
376,376,4.762600806451624,0.265625,78.06527217741936,-18.234375,25.979334677419356,-3.3046875,11.26058467741935,-6.609375,-0.140625,1.0234375,-1.57421875,1.36328125,3.6640625,0.63671875,1.90625,0.74609375,0.640625,-0.04467773438,68.73816063
377,377,4.720010080645149,0.2265625,76.91330645161291,-17.90625,27.84576612903226,-3.0078125,11.067288306451614,-6.6171875,0.25390625,0.30859375,-1.93359375,0.375,1.08203125,0.12890625,0.62890625,0.3125,0.18359375,-0.02789306641,68.82872077
378,378,4.684475806451603,-0.109375,79.3984375,-18.0625,29.733114919354833,-2.9375,10.88835685483871,-6.6796875,0.3515625,0.140625,-2.3359375,-1.2578125,-5.09375,-0.359375,-2.4765625,-0.5078125,-0.62109375,0.05584716797,68.91595372
379,379,4.647933467741944,-0.2734375,79.06098790322581,-18.078125,31.633820564516128,-2.9921875,10.71698588709676,-6.5078125,0.1796875,0.984375,-1.7421875,0.94921875,4.0625,0.16015625,2.08203125,0.3515625,0.4765625,-0.05718994141,69.0038347
380,380,4.623235887096772,-0.421875,78.73639112903227,-17.5078125,31.0453629032258,-2.84375,10.56300403225806,-6.3828125,0.05859375,0.87890625,-1.89453125,1.08984375,3.9140625,0.24609375,1.94921875,0.53515625,0.42578125,-0.05303955078,69.09559891
381,381,4.606854838709675,-0.4765625,78.42842741935485,-17.4140625,30.4742943548387,-2.984375,10.421622983870964,-6.390625,0.0,0.65625,-1.9453125,-0.6015625,-3.4921875,-0.05078125,-1.90234375,-0.0703125,-0.40234375,0.04467773438,69.18550701
382,382,4.5952620967742,-0.7109375,78.13004032258065,-17.546875,29.91784274193548,-3.2265625,10.291834677419358,-6.296875,0.015625,0.8125,-1.625,0.15625,0.8984375,-0.07421875,0.28125,0.234375,0.234375,-0.009765625,69.26952777
383,383,4.596774193548404,-0.8125,77.85912298387099,-17.359375,29.39591733870967,-3.0234375,10.184979838709674,-6.171875,0.0,0.84765625,-1.7109375,0.8359375,3.63671875,0.1484375,1.76953125,0.453125,0.57421875,-0.04602050781,69.34954431
384,384,4.606602822580643,-0.921875,77.60282258064518,-17.1484375,28.89264112903226,-2.90625,10.092993951612886,-6.203125,0.0,0.52734375,-1.75,0.19921875,0.38671875,0.07421875,0.15234375,0.1875,0.1171875,-0.004150390625,69.43156397
385,385,4.624747983870962,-0.984375,77.3664314516129,-17.1953125,28.40650201612902,0.0,10.004032258064507,-6.15625,0.0,0.56640625,-1.55859375,-0.6640625,-3.23046875,0.0,0.0,-0.234375,-0.29296875,0.04327392578,69.51300259
386,386,4.649697580645167,-1.0703125,77.17011088709678,-17.1640625,27.956401209677413,0.0,9.94228830645161,-6.1015625,0.0,0.64453125,-1.3125,0.60546875,2.6015625,0.0,0.0,0.28515625,0.3671875,-0.03210449219,69.59145704
387,387,4.67993951612904,-1.1171875,76.99848790322582,-16.9453125,27.524697580645153,0.0,9.89541330645161,-6.0625,0.0,0.51171875,-1.609375,0.16015625,0.44140625,0.0,0.0,0.12109375,0.0625,-0.004150390625,69.67166459
388,388,4.718245967741944,-1.1640625,76.97505040322582,-16.9296875,27.52469758064516,0.0,9.869203629032253,-6.0703125,0.0,0.58984375,-1.68359375,-0.38671875,-1.80078125,0.0,0.0,-0.12890625,-0.19140625,0.02508544922,69.7530072
389,389,4.761844758064517,-1.1875,76.96219758064518,-16.96875,25.421118951612893,0.0,9.849798387096772,-6.0234375,0.0,0.52734375,-1.39453125,-0.234375,-1.0390625,0.0,0.0,-0.08203125,-0.1015625,0.01531982422,69.83423181
390,390,4.79485887096774,-1.3046875,76.96622983870968,-16.8125,23.40221774193548,0.0,9.838205645161286,-5.9921875,0.0,0.484375,-1.5,0.37109375,1.73828125,0.0,0.0,0.16015625,0.21484375,-0.02093505859,69.9152104
391,391,4.831401209677431,-1.4296875,76.97555443548387,-16.8203125,21.425655241935473,-20.0546875,9.825856854838701,-6.015625,0.0,0.46484375,-1.5078125,-0.22265625,-1.1171875,-0.25390625,-1.12890625,-0.10546875,-0.12890625,0.01531982422,69.99366096
392,392,4.868951612903227,-1.4921875,76.99017137096776,-16.890625,20.146925403225808,-20.03125,9.812499999999991,-5.984375,0.0,0.5078125,-1.3515625,-0.21484375,-0.89453125,-0.2421875,-0.9296875,-0.10546875,-0.09765625,0.01251220703,70.07568327
393,393,4.903477822580647,-1.515625,76.99873991935486,-16.7890625,18.87550403225806,-20.140625,9.798135080645164,-5.9609375,0.0,0.57421875,-1.140625,0.234375,1.0390625,0.2578125,1.0,0.0859375,0.1015625,-0.01251220703,70.16085634
394,394,4.94102822580646,-1.53125,77.00781249999999,-16.734375,17.606602822580637,-20.0703125,9.786038306451612,-5.96875,0.0,0.5078125,-1.14453125,0.18359375,0.6875,0.16015625,0.6875,0.07421875,0.046875,-0.008361816406,70.24660772
395,395,4.966229838709694,-1.7109375,77.01612903225806,-16.828125,16.341229838709666,0.0,9.772681451612891,-6.0234375,0.0,0.6328125,-1.2265625,-0.09375,-0.515625,0.0,0.0,-0.078125,-0.08203125,0.006958007813,70.328764
396,396,4.996471774193553,-1.8359375,77.01940524193547,-16.734375,15.079133064516133,0.0,9.766129032258055,-6.015625,0.0,0.6953125,-1.21484375,0.140625,0.6953125,0.0,0.0,-0.17578125,0.20703125,-0.008361816406,70.40893863
397,397,5.0226814516129,-1.9296875,77.02242943548387,-16.75,13.820060483870964,0.0,9.75831653225806,-6.0078125,0.0,0.7109375,-1.25390625,0.078125,0.453125,0.0,0.0,-0.234375,0.1640625,-0.005554199219,70.49708007
398,398,5.04158266129032,-2.1015625,77.02646169354837,-16.75,12.564264112903217,0.0,9.748991935483874,-6.046875,0.0,0.71875,-1.22265625,-0.1328125,-0.50390625,0.0,0.0,-0.3828125,0.02734375,0.006958007813,70.58569667
399,399,5.062247983870987,-2.21875,77.06905241935486,-16.609375,11.307963709677413,0.0,9.73714717741935,-6.0859375,0.0,0.7265625,-1.1640625,0.0625,0.39453125,0.0,0.0,-0.24609375,0.05078125,-0.004150390625,70.67916607
400,400,5.091985887096773,-2.359375,77.10005040322582,-16.484375,10.053427419354831,0.0,9.721018145161283,-6.4296875,0.0,0.546875,-1.17578125,-0.078125,-0.23828125,0.0,0.0,-0.3203125,-0.1484375,0.004150390625,70.76909842
401,401,5.12651209677419,-2.4453125,77.13004032258064,-16.515625,10.36995967741934,0.0,9.702872983870964,-6.46875,0.0,0.8125,-1.44921875,-0.03515625,-0.15625,0.0,0.0,-0.29296875,-0.125,0.002746582031,70.85705517
402,402,5.16330645161291,-2.546875,77.15574596774194,-16.4296875,10.686743951612904,0.0,9.67943548387097,-6.5703125,0.0,0.70703125,-1.23828125,0.02734375,0.1796875,0.0,0.0,-0.203125,-0.11328125,-0.001342773438,70.94335634
403,403,5.204637096774207,-2.7734375,77.17615927419355,-16.515625,10.686743951612886,0.0,9.654233870967733,-6.6875,0.0,0.83984375,-1.70703125,-0.05078125,-0.3203125,0.0,0.0,-0.21875,-0.15234375,0.004150390625,71.03202249
404,404,5.24949596774195,-2.875,77.19506048387096,-16.4453125,10.6867439516129,0.0,9.627268145161283,-6.7265625,0.0,0.97265625,-1.6484375,0.015625,0.02734375,0.0,0.0,-0.15234375,-0.109375,0.0,71.11822359
405,405,5.29359879032258,-2.96875,77.21370967741936,-16.4375,10.68674395161289,0.0,9.599798387096774,-6.734375,0.0,1.00390625,-1.60546875,0.078125,0.3359375,0.0,0.0,-0.12890625,-0.046875,-0.004150390625,71.20779133
406,406,5.335433467741947,-3.109375,77.22983870967741,-16.34375,10.686743951612897,0.0,9.572076612903226,-6.765625,0.0,0.83203125,-1.296875,-0.03515625,-0.2890625,0.0,0.0,-0.19140625,-0.09375,0.004150390625,71.2937596
407,407,5.384576612903244,-3.15625,77.24319556451616,-16.453125,8.175403225806438,0.0,9.543598790322571,-6.78125,0.0,0.796875,-1.3203125,-0.04296875,-0.2109375,0.0,0.0,-0.1875,-0.0703125,0.002746582031,71.38083358
408,408,5.432963709677407,-3.234375,77.2555443548387,-16.328125,5.6617943548387055,0.0,9.515624999999998,-6.796875,0.0,0.78515625,-1.296875,0.0390625,0.14453125,0.0,0.0,-0.1640625,-0.0234375,-0.001342773438,71.46780784
409,409,5.492439516129027,-3.375,77.26814516129033,-16.2109375,3.148437499999995,0.0,9.487903225806447,-6.7578125,0.0,0.72265625,-1.2734375,0.0,-0.1640625,0.0,0.0,-0.1875,-0.0390625,0.002746582031,71.55478492
410,410,5.552923387096787,-3.3203125,77.27872983870968,-16.1171875,0.633316532258055,0.0,9.461441532258057,-6.765625,0.0,-0.15234375,-0.13671875,0.0078125,0.08984375,0.0,0.0,-0.171875,-0.01171875,0.0,71.64376039
411,411,5.6136592741935605,-3.3515625,77.28830645161293,-16.0390625,0.6333165322580557,0.0,9.434727822580639,-6.59375,0.0,-0.2421875,-0.12890625,0.0703125,0.18359375,0.0,0.0,0.14453125,0.09765625,-0.001342773438,71.73188343
412,412,5.66834677419357,-3.390625,77.29737903225808,-16.015625,0.6333165322580583,0.0,9.406754032258057,-6.5234375,0.0,-0.25,-0.09765625,0.01953125,0.0703125,0.0,0.0,0.14453125,0.11328125,0.0,71.82110418
413,413,5.720514112903227,-3.53125,77.30594758064518,-15.953125,0.6333165322580592,0.0,9.379788306451607,-6.328125,0.0,0.36328125,-0.453125,-0.01171875,0.08203125,0.0,0.0,0.14453125,0.1328125,0.0,71.91273546
414,414,5.771925403225797,-3.6796875,77.31527217741936,-17.1953125,0.6333165322580541,0.0,9.354334677419354,-6.2578125,0.0,0.8671875,-1.1640625,-0.00390625,-0.0078125,0.0,0.0,0.08203125,0.078125,0.0,72.00378169
415,415,5.8155241935484,-3.84375,77.32610887096774,-17.265625,0.6333165322580625,0.0,9.328377016129021,-6.203125,0.0,0.98046875,-0.9375,0.015625,-0.03515625,0.0,0.0,0.03125,0.0234375,0.0,72.09443086
416,416,5.858114919354834,-4.0,77.33845766129032,-17.1796875,0.6333165322580608,-9.296875,9.310735887096767,-6.1171875,0.0,0.79296875,-1.07421875,0.00390625,-0.01171875,-1.125,-0.8671875,-0.046875,0.0078125,0.0,72.18723624
417,417,5.889112903225814,-4.0625,77.35080645161293,-16.8359375,0.6333165322580566,-8.953125,9.292842741935484,-6.0,0.0,0.60546875,-0.94921875,0.0390625,0.125,0.06640625,-0.00390625,-0.2265625,0.0546875,-0.001342773438,72.27917411
418,418,5.918850806451627,-4.140625,77.36466733870968,-16.6640625,0.6333165322580541,0.0,9.273941532258066,-5.9296875,0.0,0.6796875,-0.6015625,0.015625,0.02734375,0.0,0.0,-0.203125,-0.01953125,0.0,72.36818074
419,419,5.935231854838727,-4.21875,77.38054435483873,-16.4453125,0.6333165322580498,0.0,9.255544354838701,-5.875,0.0,0.66015625,-0.453125,-0.01953125,0.06640625,0.0,0.0,-0.1640625,-0.05859375,0.0,72.45738357
420,420,5.950100806451624,-4.25,77.39944556451616,-16.3671875,0.6333165322580608,0.0,9.23714717741934,-5.8046875,0.0,0.62890625,-0.359375,0.04296875,0.15625,0.0,0.0,-0.140625,-0.05078125,-0.001342773438,72.5464473
421,421,5.9652217741935605,-4.2421875,77.41910282258064,-16.2890625,0.6333165322580524,0.0,9.221522177419345,-5.78125,0.0,0.5625,-0.21484375,0.01953125,0.0390625,0.0,0.0,-0.05078125,-0.0625,0.0,72.63522338
422,422,5.976058467741944,-4.59375,77.44128024193547,-16.2890625,0.6333165322580533,0.0,9.20917338709677,-5.75,0.0,1.3984375,-0.7265625,0.0078125,0.12890625,0.0,0.0,-0.01953125,-0.046875,-0.001342773438,72.7218783
423,423,5.9853830645161405,-4.6015625,77.46698588709678,-16.1796875,0.9501008064516058,0.0,9.200604838709673,-5.7265625,0.0,1.09375,-0.6875,0.0390625,0.1328125,0.0,0.0,0.00390625,-0.0390625,-0.001342773438,72.80447695
424,424,5.9934475806451735,-4.8359375,77.49722782258065,-16.1328125,1.2666330645161268,0.0,9.19808467741935,-5.7265625,0.0,2.71875,-0.59765625,0.01171875,0.1484375,0.0,0.0,0.02734375,-0.01953125,-0.001342773438,72.88944318
425,425,5.9977318548387135,-4.9296875,77.5287298387097,-16.09375,1.2666330645161208,0.0,9.201360887096767,-5.703125,0.0,2.6328125,-0.59765625,0.0390625,0.12109375,0.0,0.0,0.0703125,-0.01953125,-0.001342773438,72.9728545
426,426,6.0017641129032135,-5.03125,77.56930443548387,-15.9921875,1.266633064516125,0.0,9.20816532258064,-5.703125,0.0,2.625,-0.50390625,0.04296875,0.13671875,0.0,0.0,0.07421875,-0.01171875,-0.001342773438,73.05710262
427,427,6.004032258064527,-5.078125,77.56930443548387,-15.9453125,1.26663306451612,0.0,9.209677419354831,-5.6875,0.0,2.265625,-0.3046875,0.01953125,0.13671875,0.0,0.0,0.125,-0.02734375,-0.001342773438,73.14358353
